<?xml version="1.0" encoding="utf-8"?>
<!DOCTYPE IDCARD SYSTEM "IDCARD.dtd">
<IDCARD>
  <CIDCardTemplate nMainDocumentID="1001" chDocumentName="香港居民身份证2003版 -照片页" engDocumentName="HK Resident Identity Card 2003 Edition Portrait Page" imageSizeType="2"> 
    <vecAutoProcess>
	    <vecProcessMode nMode="0"> 
            <CAutoProcess processType="25">
			  <PerspectiveTransformEx nType="99" nWidth="896" nHeight="569"/> 
			</CAutoProcess>			
		</vecProcessMode>
        <vecProcessMode nMode="1"> 
			<!--CAutoProcess processType="23">
			  <CIDCardAutoProcessEx2 nCropType="4" nMaxAngle="0.3" nMinAngle="0.017" nFilledType="1" bIs180Rotate="0" bIsValid="0"  bSameSize="1"/> 
			</CAutoProcess--> 
			<CAutoProcess processType="24">
			  <PerspectiveTransform nType="3" bIs180Rotate="0" bIsValid="1" nWidth="1080" nHeight="688"/> 
			</CAutoProcess>   
		</vecProcessMode>
    </vecAutoProcess>
    <vecProcessImage>
    <!--CProcessImage processType="17">
      <CAutoRotateInTemplate  nRotateType="1"/>
    </CProcessImage>
    <CProcessImage processType="10">
      <CAutoCropInTemplate  nCropType="1001"/>
    </CProcessImage>
    <CProcessImage processType="19">
      <CReSizeImage nWidth="1280" nHeight="960" />
    </CProcessImage-->
      <CProcessImage processType="3">
        <CEraseBlackBorderEx>
          <RECT Left="0" Top="0" Right="10000" Bottom="10000" />
          <RECT Left="2000" Top="2000" Right="8900" Bottom="8000" />
        </CEraseBlackBorderEx>
      </CProcessImage>
    </vecProcessImage>
    <vecRegion>
      <CRegion nIndex="0" nRegionType="0" nProcessOrder="0"> <!-- 头像 -->
        <vecImageLightType>
          <LIGHTTYPE>1</LIGHTTYPE>
        </vecImageLightType>
        <CLocateRegion bAccurateLocate="1">
          <vecProcessImage>
            <CProcessImage processType="1">
              <CTrueColorToGrayEx nFilter="0">
                <RECT Top="0" Right="0" Bottom="0" Left="0" />
              </CTrueColorToGrayEx>
            </CProcessImage>
          </vecProcessImage>
          <RECT Left="7278" Top="3902" Right="9053" Bottom="7680" />
          <vecAnchorLocateInfo>
            <CAnchorLocateInfo nAnchorIndex="0" nDisToAnchor="6656" anchorType="1" />
            <CAnchorLocateInfo nAnchorIndex="0" nDisToAnchor="9800" anchorType="2" />
            <CAnchorLocateInfo nAnchorIndex="0" nDisToAnchor="2711" anchorType="3" />
            <CAnchorLocateInfo nAnchorIndex="0" nDisToAnchor="8636" anchorType="4" />
          </vecAnchorLocateInfo>
          <vecCLocateAnchor>
            <CLocateAnchor nDisToAnchor="0" nAnchorIndex="1" anchorType="1" />
            <CLocateAnchor nDisToAnchor="0" nAnchorIndex="2" anchorType="4" />
          </vecCLocateAnchor>
        </CLocateRegion>
      </CRegion>
      <CRegion nIndex="1" nRegionType="1" nProcessOrder="1"> <!-- 中文姓名、拼音姓名 -->
        <vecImageLightType>
          <LIGHTTYPE>1</LIGHTTYPE>
          <LIGHTTYPE>2</LIGHTTYPE>
        </vecImageLightType>
        <CLocateRegion bAccurateLocate="0">
          <vecProcessImage></vecProcessImage>
          <RECT Left="9999" Top="9999" Right="0" Bottom="0" />
          <vecAnchorLocateInfo>
            <CAnchorLocateInfo nAnchorIndex="0" nDisToAnchor="200" anchorType="1" />
            <CAnchorLocateInfo nAnchorIndex="0" nDisToAnchor="9950" anchorType="2" />
            <CAnchorLocateInfo nAnchorIndex="0" nDisToAnchor="658" anchorType="3" />
            <CAnchorLocateInfo nAnchorIndex="0" nDisToAnchor="3305" anchorType="4" />
          </vecAnchorLocateInfo>
          <vecCLocateAnchor></vecCLocateAnchor>
        </CLocateRegion>
        <CLocateLine>
          <RECT Left="0" Top="0" Right="100" Bottom="100" />
          <RECT Left="5" Top="0" Right="30" Bottom="100" />
          <CLocateInfo bEraseStart="0" nMinWHRatio="0" nMaxWHRatio="160" nSplitWHRatio="2000" bSplit="0" nNumType="0" bSpace="0" bWidth="0" bHeight="0" bRemoveLineNoise="0" nMinElementNum="2" nMaxElementNum="3" nMinWidth="1000" nMaxWidth="4400" nMinHeight="320" nMaxHeight="870" nMinSpace="100" nMaxSpace="300" bPostProcess="0">
            <vecCLocateMethod>
              <CLocateMethod nLocateMethod="0">
                <vecProcessImage>
                  <CProcessImage processType="1">
                    <CTrueColorToGrayEx nFilter="0">
                      <RECT Top="0" Right="0" Bottom="0" Left="0" />
                    </CTrueColorToGrayEx>
                  </CProcessImage>
                </vecProcessImage>
              </CLocateMethod>
              <CLocateMethod nLocateMethod="1">
                <vecProcessImage>
                  <CProcessImage processType="1">
                    <CTrueColorToGrayEx nFilter="0">
                      <RECT Top="0" Right="0" Bottom="0" Left="0" />
                    </CTrueColorToGrayEx>
                  </CProcessImage>
                  <CProcessImage processType="2">
                    <CGrayToBinaryEx>
                      <vecBinaryParam>
                        <BINARYPARAM nBlockNum="1" nMethod="3" />
                      </vecBinaryParam>
                      <RECT Left="0" Top="0" Right="0" Bottom="0" />
                    </CGrayToBinaryEx>
                  </CProcessImage>
                </vecProcessImage>
              </CLocateMethod>
            </vecCLocateMethod>
          </CLocateInfo>
          <positionPlus nLeftPlus="-120" nRightPlus="200" nTopPlus="-120" nBottomPlus="140" />
        </CLocateLine>
        <vecLine>
          <CLine nIndex="2" bStartOffset="0" bEndOffset="1" bExist="0" bNeedRecog="0" nCheckKeyWord="0">
            <RECT Left="0" Top="0" Right="0" Bottom="0" />
          </CLine>
          <CLine nIndex="1" bStartOffset="0" bEndOffset="1" bExist="1" bNeedRecog="1" nCheckKeyWord="0">
            <RECT Left="0" Top="0" Right="0" Bottom="0" />
            <CRecogInfo bIgnorePoint="0" nMaxPointWidth="65" nMaxPointHeight="75" bMatchRegExp="0" charOrder="" bConfirmParams="0">
              <CLocateInfo bEraseStart="0" nMinWHRatio="35" nMaxWHRatio="160" nSplitWHRatio="2000" bSplit="0" nNumType="0" bSpace="0" bWidth="0" bHeight="0" bRemoveLineNoise="0" nMinElementNum="2" nMaxElementNum="4" nMinWidth="190" nMaxWidth="600" nMinHeight="10" nMaxHeight="850" nMinSpace="20" nMaxSpace="800" bPostProcess="1">
                <vecCLocateMethod>
                  <CLocateMethod nLocateMethod="1">
                    <vecProcessImage>
                      <CProcessImage processType="1">
                        <CTrueColorToGrayEx nFilter="0">
                          <RECT Top="0" Right="0" Bottom="0" Left="0"></RECT>
                        </CTrueColorToGrayEx>
                      </CProcessImage>
                      <CProcessImage processType="2">
                        <CGrayToBinaryEx>
                          <vecBinaryParam>
                            <BINARYPARAM nBlockNum="1" nMethod="3" />
                            <BINARYPARAM nBlockNum="1" nMethod="7" />
                          </vecBinaryParam>
                          <RECT Left="0" Top="0" Right="0" Bottom="0" />
                        </CGrayToBinaryEx>
                      </CProcessImage>
                    </vecProcessImage>
                  </CLocateMethod>
                </vecCLocateMethod>
              </CLocateInfo>
              <vecKernal>
                <CKernalInfo kernalMainType="1" nKernalSubType="7" nFilterType="2" nFillingMethod="1" strFilterPlus="" nRecogType="1" nRecogImgeType="0">
                  <vecCharRatio>
                    <CCharRatio strChars="" charType="1" nWHRatio="100" />
                    <CCharRatio strChars="一" charType="10" nWHRatio="300" />
                  </vecCharRatio>
                </CKernalInfo>
              </vecKernal>
            </CRecogInfo>
            <vecRecogUnit>
              <CRecogUnit nIndex="1" bLocate="0" bRecog="0"></CRecogUnit>
            </vecRecogUnit>
          </CLine>
          <CLine nIndex="0" bStartOffset="0" bEndOffset="1" bExist="1" bNeedRecog="1" nCheckKeyWord="0">
            <RECT Left="0" Top="0" Right="0" Bottom="0" />
            <CRecogInfo bIgnorePoint="0" nMaxPointWidth="0" nMaxPointHeight="0" bMatchRegExp="0" charOrder="" bConfirmParams="0">
              <CLocateInfo bEraseStart="0" nMinWHRatio="0" nMaxWHRatio="110" nSplitWHRatio="2000" bSplit="0" nNumType="0" bSpace="0" bWidth="0" bHeight="0" bRemoveLineNoise="0" nMinElementNum="4" nMaxElementNum="-1" nMinWidth="30" nMaxWidth="260" nMinHeight="200" nMaxHeight="500" nMinSpace="50" nMaxSpace="800" bPostProcess="1">
                <vecCLocateMethod>
                  <CLocateMethod nLocateMethod="1">
                    <vecProcessImage>
                      <CProcessImage processType="1">
                        <CTrueColorToGrayEx nFilter="-1">
                          <RECT Top="0" Right="0" Bottom="0" Left="0"></RECT>
                        </CTrueColorToGrayEx>
                      </CProcessImage>
                      <CProcessImage processType="2">
                        <CGrayToBinaryEx>
                          <vecBinaryParam>
                            <BINARYPARAM nBlockNum="1" nMethod="7" />
                            <BINARYPARAM nBlockNum="1" nMethod="6" />
                          </vecBinaryParam>
                          <RECT Left="0" Top="0" Right="0" Bottom="0" />
                        </CGrayToBinaryEx>
                      </CProcessImage>
                    </vecProcessImage>
                  </CLocateMethod>
                </vecCLocateMethod>
              </CLocateInfo>
              <vecKernal>
                <CKernalInfo kernalMainType="1" nKernalSubType="7" nFilterType="256" nFillingMethod="1" strFilterPlus="" nRecogType="1" nRecogImgeType="0">
                  <vecCharRatio>
                    <CCharRatio strChars="" charType="3" nWHRatio="65" />
                    <CCharRatio strChars="" charType="4" nWHRatio="65" />
                  </vecCharRatio>
                </CKernalInfo>
              </vecKernal>
            </CRecogInfo>
            <vecRecogUnit>
              <CRecogUnit nIndex="2" bLocate="0" bRecog="0">
                <vecCInsertChar>
                  <CInsertChar nCharPos="0" strInsert=", " nMinSpace="450" nMaxSpce="800" nInsertType="1" />
                  <CInsertChar nCharPos="0" strInsert=" " nMinSpace="200" nMaxSpce="400" nInsertType="0" />
                </vecCInsertChar>
              </CRecogUnit>
            </vecRecogUnit>
          </CLine>
        </vecLine>
      </CRegion>
      <CRegion nIndex="2" nRegionType="1" nProcessOrder="2"> <!-- 出生日期、性别-->
        <vecImageLightType>
          <LIGHTTYPE>1</LIGHTTYPE>
          <LIGHTTYPE>2</LIGHTTYPE>
        </vecImageLightType>
        <CLocateRegion bAccurateLocate="0">
          <vecProcessImage></vecProcessImage>
          <RECT Left="9999" Top="9999" Right="0" Bottom="0" />
          <vecAnchorLocateInfo>
            <CAnchorLocateInfo nAnchorIndex="0" nDisToAnchor="2580" anchorType="1" />
            <CAnchorLocateInfo nAnchorIndex="1" nDisToAnchor="-50" anchorType="2" />
            <CAnchorLocateInfo nAnchorIndex="0" nDisToAnchor="7120" anchorType="2" />
            <CAnchorLocateInfo nAnchorIndex="0" nDisToAnchor="4650" anchorType="3" />
            <CAnchorLocateInfo nAnchorIndex="0" nDisToAnchor="6900" anchorType="4" />
          </vecAnchorLocateInfo>
          <vecCLocateAnchor></vecCLocateAnchor>
        </CLocateRegion>
        <CLocateLine>
          <RECT Left="0" Top="0" Right="100" Bottom="100" />
          <RECT Left="0" Top="0" Right="40" Bottom="100" />
          <CLocateInfo bEraseStart="0" nMinWHRatio="0" nMaxWHRatio="160" nSplitWHRatio="2000" bSplit="0" nNumType="0" bSpace="0" bWidth="0" bHeight="0" bRemoveLineNoise="0" nMinElementNum="3" nMaxElementNum="3" nMinWidth="500" nMaxWidth="4700" nMinHeight="330" nMaxHeight="800" nMinSpace="100" nMaxSpace="350" bPostProcess="0">
            <vecCLocateMethod>
              <CLocateMethod nLocateMethod="0">
                <vecProcessImage>
                  <CProcessImage processType="1">
                    <CTrueColorToGrayEx nFilter="0">
                      <RECT Top="0" Right="0" Bottom="0" Left="0" />
                    </CTrueColorToGrayEx>
                  </CProcessImage>
                </vecProcessImage>
              </CLocateMethod>
              <CLocateMethod nLocateMethod="1">
                <vecProcessImage>
                  <CProcessImage processType="1">
                    <CTrueColorToGrayEx nFilter="0">
                      <RECT Top="0" Right="0" Bottom="0" Left="0"></RECT>
                    </CTrueColorToGrayEx>
                  </CProcessImage>
                  <CProcessImage processType="2">
                    <CGrayToBinaryEx>
                      <vecBinaryParam>
                        <BINARYPARAM nBlockNum="1" nMethod="3" />
                        <BINARYPARAM nBlockNum="2" nMethod="7" />
                      </vecBinaryParam>
                      <RECT Left="0" Top="0" Right="0" Bottom="0" />
                    </CGrayToBinaryEx>
                  </CProcessImage>
                </vecProcessImage>
              </CLocateMethod>
            </vecCLocateMethod>
          </CLocateInfo>
          <positionPlus nLeftPlus="-120" nRightPlus="200" nTopPlus="-50" nBottomPlus="100" />
        </CLocateLine>
        <vecLine>
          <CLine nIndex="0" bStartOffset="1" bEndOffset="0" bExist="1" bNeedRecog="0" nCheckKeyWord="0">
            <RECT Left="0" Top="0" Right="0" Bottom="0" />
          </CLine>
          <CLine nIndex="1" bStartOffset="1" bEndOffset="0" bExist="1" bNeedRecog="0" nCheckKeyWord="0">
            <RECT Left="0" Top="0" Right="0" Bottom="0" />
            <vecRecogUnit>
              <CRecogUnit nIndex="4" bLocate="1" bRecog="1">
                <CLocateRecogUnit bStart="1" nStartIndexInChar="0" bEnd="0" nEndIndexInChar="-1">
                  <vecAnchorLocateInfo>
                    <CAnchorLocateInfo nAnchorIndex="0" nDisToAnchor="2600" anchorType="1" />
                    <CAnchorLocateInfo nAnchorIndex="0" nDisToAnchor="5626" anchorType="2" />
                  </vecAnchorLocateInfo>
                </CLocateRecogUnit>
                <CRecogInfo bIgnorePoint="0" nMaxPointWidth="0" nMaxPointHeight="0" bMatchRegExp="1" charOrder="[0123]\D-[01]\D-[12]\D{3}" bConfirmParams="0">
                  <CLocateInfo bEraseStart="0" nMinWHRatio="0" nMaxWHRatio="100" nSplitWHRatio="2000" bSplit="0" nNumType="0" bSpace="0" bWidth="0" bHeight="0" bRemoveLineNoise="0" nMinElementNum="10" nMaxElementNum="10" nMinWidth="25" nMaxWidth="300" nMinHeight="40" nMaxHeight="560" nMinSpace="20" nMaxSpace="230" bPostProcess="1">
                    <vecCLocateMethod>
                      <CLocateMethod nLocateMethod="1">
                        <vecProcessImage>
                          <CProcessImage processType="1">
                            <CTrueColorToGrayEx nFilter="0">
                              <RECT Top="0" Right="0" Bottom="0" Left="0"></RECT>
                            </CTrueColorToGrayEx>
                          </CProcessImage>
                          <CProcessImage processType="2">
                            <CGrayToBinaryEx>
                              <vecBinaryParam>
                                <BINARYPARAM nBlockNum="2" nMethod="7" />
                                <BINARYPARAM nBlockNum="1" nMethod="3" />
                              </vecBinaryParam>
                              <RECT Left="0" Top="0" Right="0" Bottom="0" />
                            </CGrayToBinaryEx>
                          </CProcessImage>
                        </vecProcessImage>
                      </CLocateMethod>
                      <CLocateMethod nLocateMethod="1">
                        <vecProcessImage>
                          <CProcessImage processType="1">
                            <CTrueColorToGrayEx nFilter="0">
                              <RECT Top="0" Right="0" Bottom="0" Left="0"></RECT>
                            </CTrueColorToGrayEx>
                          </CProcessImage>
                          <CProcessImage processType="2">
                            <CGrayToBinaryEx>
                              <vecBinaryParam>
                                <BINARYPARAM nBlockNum="1" nMethod="6" />
                              </vecBinaryParam>
                              <RECT Left="0" Top="0" Right="0" Bottom="0" />
                            </CGrayToBinaryEx>
                          </CProcessImage>
                        </vecProcessImage>
                      </CLocateMethod>
                    </vecCLocateMethod>
                  </CLocateInfo>
                  <vecKernal>
                    <CKernalInfo kernalMainType="1" nKernalSubType="10" nFilterType="7" nFillingMethod="1" strFilterPlus="" nRecogType="1" nRecogImgeType="0">
                      <vecCharRatio>
                        <CCharRatio strChars="" charType="2" nWHRatio="63" />
                        <CCharRatio strChars="-" charType="10" nWHRatio="200" />
                      </vecCharRatio>
                    </CKernalInfo>
                  </vecKernal>
                </CRecogInfo>
              </CRecogUnit>
              <CRecogUnit nIndex="3" bLocate="1" bRecog="1">
                <CLocateRecogUnit bStart="0" nStartIndexInChar="-1" bEnd="1" nEndIndexInChar="0">
                  <vecAnchorLocateInfo>
                    <CAnchorLocateInfo nAnchorIndex="0" nDisToAnchor="5626" anchorType="1" />
                    <CAnchorLocateInfo nAnchorIndex="1" nDisToAnchor="-60" anchorType="2" />
                    <CAnchorLocateInfo nAnchorIndex="0" nDisToAnchor="7100" anchorType="2" />
                  </vecAnchorLocateInfo>
                </CLocateRecogUnit>
                <CRecogInfo bIgnorePoint="0" nMaxPointWidth="0" nMaxPointHeight="0" bMatchRegExp="0" charOrder="[男女]" bConfirmParams="0">
                  <CLocateInfo bEraseStart="0" nMinWHRatio="0" nMaxWHRatio="160" nSplitWHRatio="2000" bSplit="0" nNumType="0" bSpace="0" bWidth="0" bHeight="0" bRemoveLineNoise="0" nMinElementNum="1" nMaxElementNum="1" nMinWidth="200" nMaxWidth="460" nMinHeight="400" nMaxHeight="720" nMinSpace="0" nMaxSpace="0" bPostProcess="1">
                    <vecCLocateMethod>
                      <CLocateMethod nLocateMethod="1">
                        <vecProcessImage>
                          <CProcessImage processType="1">
                            <CTrueColorToGrayEx nFilter="0">
                              <RECT Top="0" Right="0" Bottom="0" Left="0"></RECT>
                            </CTrueColorToGrayEx>
                          </CProcessImage>
                          <CProcessImage processType="2">
                            <CGrayToBinaryEx>
                              <vecBinaryParam>
                                <BINARYPARAM nBlockNum="1" nMethod="7" />
                                <BINARYPARAM nBlockNum="1" nMethod="3" />
                              </vecBinaryParam>
                              <RECT Left="0" Top="0" Right="0" Bottom="0" />
                            </CGrayToBinaryEx>
                          </CProcessImage>
                        </vecProcessImage>
                      </CLocateMethod>
                    </vecCLocateMethod>
                  </CLocateInfo>
                  <vecKernal>
                    <CKernalInfo kernalMainType="1" nKernalSubType="7" nFilterType="1" nFillingMethod="1" strFilterPlus="" nRecogType="1" nRecogImgeType="0">
                      <vecCharRatio>
                        <CCharRatio strChars="" charType="1" nWHRatio="100" />
                      </vecCharRatio>
                    </CKernalInfo>
                  </vecKernal>
                </CRecogInfo>
              </CRecogUnit>
            </vecRecogUnit>
          </CLine>
		  <CLine nIndex="2" bStartOffset="1" bEndOffset="0" bExist="1" bNeedRecog="0"  nCheckKeyWord="0">
            <!--rcLineResult:行的初始位置信息，初始值尽量写最小的区域范围，这样最准确
						    如果都为0代表该值不可靠，坐标单位为坐标均为占整张图像的百分比*10000
						-->
            <RECT Left="0" Top="0" Right="0" Bottom="0" />
            <!--vecRecogUnit:行内识别单元的信息-->
            <vecRecogUnit>
              <!--nIndex:识别单元序号-->
              <!--cellNameEng="" cellName:识别单元名称-->
              <!--bLocate:该识别单元是否需要定位-->
              <!--bReRecog:该识别单元是否需要重新识别-->
              <!--OutputThreshold:输出界限一，待输出的识别结果的字频的值不能低于该值-->
              <!--输出界限二，字频值< OutputThreshold的个数最大不能超过该值，否则将不输出-->
              <CRecogUnit nIndex="7" bLocate="1" bRecog="1">
                <CLocateRecogUnit bStart="1" nStartIndexInChar="0" bEnd="0" nEndIndexInChar="-1">
                  <vecAnchorLocateInfo>
                    <CAnchorLocateInfo nAnchorIndex="0" nDisToAnchor="2600" anchorType="1" />
                    <CAnchorLocateInfo nAnchorIndex="0" nDisToAnchor="5626" anchorType="2" />
                  </vecAnchorLocateInfo>
                </CLocateRecogUnit>
                <CRecogInfo bIgnorePoint="0" nMaxPointWidth="0" nMaxPointHeight="0" bMatchRegExp="0" charOrder="" bConfirmParams="0">
                <!--   charOrder=""[D-]{4,10} -->
                  <!--定位字符的信息-->
                  <!--nLocateMethod:  0,用识别核心做定位;
														1，提取连通域的方法进行定位;
														2，投影方法进行定位-->
                  <!--bHeight:是否等高-->
                  <!--bSpace:是否等间距-->
                  <!--bWidth:是否等宽-->
                  <!--nMinElementNum:该行最少元素数-->
                  <!--nMaxElementNum:该行最多元素数-->
                  <!--nMinWidth:元素的最小宽度-->
                  <!--nMaxWidth:元素的最大宽度-->
                  <!--nMinHeight:元素的最小高度-->
                  <!--nMaxHeight:元素的最大高度-->
                  <!--nMinSpace:元素间的最小间距-->
                  <!--nMaxSpace:元素间的最大间距-->
                  <CLocateInfo bEraseStart="0" nMinWHRatio="0" nMaxWHRatio="150" nSplitWHRatio="2000" bSplit="0" nNumType="0" bSpace="0" bWidth="0" bHeight="0" bRemoveLineNoise="0" nMinElementNum="2" nMaxElementNum="-1" nMinWidth="120" nMaxWidth="350" nMinHeight="120" nMaxHeight="560" nMinSpace="0" nMaxSpace="330" bPostProcess="1">
                    <vecCLocateMethod>
                      <CLocateMethod nLocateMethod="1">
                        <vecProcessImage>
                          <CProcessImage processType="1">
                            <CTrueColorToGrayEx nFilter="0">
                              <RECT Top="0" Right="0" Bottom="0" Left="0"></RECT>
                            </CTrueColorToGrayEx>
                          </CProcessImage>
                          <CProcessImage processType="2">
                            <CGrayToBinaryEx>
                              <vecBinaryParam>
                                <BINARYPARAM nBlockNum="2" nMethod="7" />
                                <BINARYPARAM nBlockNum="1" nMethod="3" />
                              </vecBinaryParam>
                              
                              <RECT Left="0" Top="0" Right="0" Bottom="0" />
                            </CGrayToBinaryEx>
                          </CProcessImage>
                        </vecProcessImage>
                      </CLocateMethod>
                      <CLocateMethod nLocateMethod="1">
                        <vecProcessImage>
                          <CProcessImage processType="1">
                            <CTrueColorToGrayEx nFilter="0">
                              <RECT Top="0" Right="0" Bottom="0" Left="0"></RECT>
                            </CTrueColorToGrayEx>
                          </CProcessImage>
                          <CProcessImage processType="2">
                            <CGrayToBinaryEx>
                              <vecBinaryParam>
                                <BINARYPARAM nBlockNum="1" nMethod="6" />
                              </vecBinaryParam>
                              <!--processRect-->
                              <RECT Left="0" Top="0" Right="0" Bottom="0" />
                            </CGrayToBinaryEx>
                          </CProcessImage>
                        </vecProcessImage>
                      </CLocateMethod>
                    </vecCLocateMethod>
                  </CLocateInfo>
                  <vecKernal>
                    <!--nRecogType:0识别区域，1识别字符-->
                    <!--nRecogImgeType:进行识别时需要的图像类型，0代表灰度，1代表二值-->
                    <CKernalInfo kernalMainType="1" nKernalSubType="7" nFilterType="256" nFillingMethod="1" strFilterPlus="" nRecogType="1" nRecogImgeType="0">
                      <vecCharRatio>
                        <CCharRatio strChars="ABCFHLMNKSRUZXYWOBN" charType="10" nWHRatio="75" />
                        <CCharRatio strChars="*" charType="10" nWHRatio="100" />
                      </vecCharRatio>
                    </CKernalInfo>
					 <CKernalInfo kernalMainType="1" nKernalSubType="6" nFilterType="1" nFillingMethod="1" strFilterPlus="" nRecogType="1" nRecogImgeType="0">
                      <vecCharRatio>
                        <CCharRatio strChars="ABCFHLMNKSRUZXYWOBN" charType="10" nWHRatio="75" />
                        <CCharRatio strChars="*" charType="10" nWHRatio="100" />
                      </vecCharRatio>
                    </CKernalInfo>
                  </vecKernal>
                </CRecogInfo>
              </CRecogUnit>
            </vecRecogUnit>
          </CLine>
	
		</vecLine>
      </CRegion>
      <CRegion nIndex="3" nRegionType="1" nProcessOrder="3"> <!-- 签发日期、身份号码-->
        <vecImageLightType>
          <LIGHTTYPE>1</LIGHTTYPE>
          <LIGHTTYPE>2</LIGHTTYPE>
        </vecImageLightType>
        <CLocateRegion bAccurateLocate="0">
          <vecProcessImage></vecProcessImage>
          <RECT Left="9999" Top="9999" Right="0" Bottom="0" />
          <vecAnchorLocateInfo>
            <CAnchorLocateInfo nAnchorIndex="0" nDisToAnchor="2721" anchorType="1" />
            <CAnchorLocateInfo nAnchorIndex="0" nDisToAnchor="9953" anchorType="2" />
            <CAnchorLocateInfo nAnchorIndex="2" nDisToAnchor="50" anchorType="3" />
            <CAnchorLocateInfo nAnchorIndex="0" nDisToAnchor="8335" anchorType="3" />
            <CAnchorLocateInfo nAnchorIndex="0" nDisToAnchor="9654" anchorType="4" />
          </vecAnchorLocateInfo>
          <vecCLocateAnchor></vecCLocateAnchor>
        </CLocateRegion>
        <CLocateLine>
          <RECT Left="0" Top="0" Right="100" Bottom="100" />
          <RECT Left="0" Top="0" Right="90" Bottom="100" />
          <CLocateInfo bEraseStart="0" nMinWHRatio="0" nMaxWHRatio="160" nSplitWHRatio="2000" bSplit="0" nNumType="0" bSpace="0" bWidth="0" bHeight="0" bRemoveLineNoise="0" nMinElementNum="1" nMaxElementNum="1" nMinWidth="4000" nMaxWidth="7100" nMaxHeight="700" nMinHeight="300" nMinSpace="0" nMaxSpace="0" bPostProcess="0">
            <vecCLocateMethod>
              <CLocateMethod nLocateMethod="0">
                <vecProcessImage>
                  <CProcessImage processType="1">
                    <CTrueColorToGrayEx nFilter="0">
                      <RECT Top="0" Right="0" Bottom="0" Left="0" />
                    </CTrueColorToGrayEx>
                  </CProcessImage>
                </vecProcessImage>
              </CLocateMethod>
              <CLocateMethod nLocateMethod="1">
                <vecProcessImage>
                  <CProcessImage processType="1">
                    <CTrueColorToGrayEx nFilter="0">
                      <RECT Top="0" Right="0" Bottom="0" Left="0"></RECT>
                    </CTrueColorToGrayEx>
                  </CProcessImage>
                  <CProcessImage processType="2">
                    <CGrayToBinaryEx>
                      <vecBinaryParam>
                        <BINARYPARAM nBlockNum="1" nMethod="7" />
                        <BINARYPARAM nBlockNum="1" nMethod="3" />
                      </vecBinaryParam>
                      <RECT Left="0" Top="0" Right="0" Bottom="0" />
                    </CGrayToBinaryEx>
                  </CProcessImage>
                </vecProcessImage>
              </CLocateMethod>
            </vecCLocateMethod>
          </CLocateInfo>
          <positionPlus nLeftPlus="-120" nRightPlus="140" nTopPlus="-100" nBottomPlus="100" />
        </CLocateLine>
        <vecLine>
          <CLine nIndex="0" bStartOffset="0" bEndOffset="1" bExist="1" bNeedRecog="0" nCheckKeyWord="0">
            <RECT Left="0" Top="0" Right="0" Bottom="0" />
            <vecRecogUnit>
              <CRecogUnit nIndex="5" bLocate="1" bRecog="1">
                <CLocateRecogUnit bStart="1" nStartIndexInChar="0" bEnd="0" nEndIndexInChar="-1">
                  <vecAnchorLocateInfo>
                    <CAnchorLocateInfo nAnchorIndex="0" nDisToAnchor="2600" anchorType="1" />
                    <CAnchorLocateInfo nAnchorIndex="0" nDisToAnchor="5626" anchorType="2" />
                  </vecAnchorLocateInfo>
                </CLocateRecogUnit>
                <CRecogInfo bIgnorePoint="0" nMaxPointWidth="0" nMaxPointHeight="0" bMatchRegExp="1" charOrder="[0123]\D-[01]\D-[109]\D{1}" bConfirmParams="0">
                  <CLocateInfo bEraseStart="0" nMinWHRatio="0" nMaxWHRatio="100" nSplitWHRatio="2000" bSplit="0" nNumType="0" bSpace="0" bWidth="0" bHeight="0" bRemoveLineNoise="0" nMinElementNum="8" nMaxElementNum="8" nMinWidth="25" nMaxWidth="300" nMinHeight="40" nMaxHeight="600" nMinSpace="20" nMaxSpace="230" bPostProcess="1">
                    <vecCLocateMethod>
                      <CLocateMethod nLocateMethod="1">
                        <vecProcessImage>
                          <CProcessImage processType="1">
                            <CTrueColorToGrayEx nFilter="0">
                              <RECT Top="0" Right="0" Bottom="0" Left="0"></RECT>
                            </CTrueColorToGrayEx>
                          </CProcessImage>
                          <CProcessImage processType="2">
                            <CGrayToBinaryEx>
                              <vecBinaryParam>
                                <BINARYPARAM nBlockNum="2" nMethod="7" />
                                <BINARYPARAM nBlockNum="1" nMethod="3" />
                              </vecBinaryParam>
                              <RECT Left="0" Top="0" Right="0" Bottom="0" />
                            </CGrayToBinaryEx>
                          </CProcessImage>
                        </vecProcessImage>
                      </CLocateMethod>
                      <CLocateMethod nLocateMethod="1">
                        <vecProcessImage>
                          <CProcessImage processType="1">
                            <CTrueColorToGrayEx nFilter="0">
                              <RECT Top="0" Right="0" Bottom="0" Left="0"></RECT>
                            </CTrueColorToGrayEx>
                          </CProcessImage>
                          <CProcessImage processType="2">
                            <CGrayToBinaryEx>
                              <vecBinaryParam>
                                <BINARYPARAM nBlockNum="1" nMethod="6" />
                              </vecBinaryParam>
                              <RECT Left="0" Top="0" Right="0" Bottom="0" />
                            </CGrayToBinaryEx>
                          </CProcessImage>
                        </vecProcessImage>
                      </CLocateMethod>
                    </vecCLocateMethod>
                  </CLocateInfo>
                  <vecKernal>
                    <CKernalInfo kernalMainType="1" nKernalSubType="10" nFilterType="2" nFillingMethod="1" strFilterPlus="" nRecogType="1" nRecogImgeType="0">
                      <vecCharRatio>
                        <CCharRatio strChars="" charType="2" nWHRatio="63" />
                        <CCharRatio strChars="-" charType="10" nWHRatio="200" />
                      </vecCharRatio>
                    </CKernalInfo>
                    <CKernalInfo kernalMainType="1" nKernalSubType="6" nFilterType="0" nFillingMethod="1" strFilterPlus="" nRecogType="1" nRecogImgeType="0">
                      <vecCharRatio>
                        <CCharRatio strChars="" charType="2" nWHRatio="63" />
                        <CCharRatio strChars="-" charType="10" nWHRatio="200" />
                      </vecCharRatio>
                    </CKernalInfo>					
                  </vecKernal>
                </CRecogInfo>
              </CRecogUnit>
              <CRecogUnit nIndex="6" bLocate="1" bRecog="1">
                <CLocateRecogUnit bStart="1" nStartIndexInChar="0" bEnd="0" nEndIndexInChar="-1">
                  <vecAnchorLocateInfo>
                    <CAnchorLocateInfo nAnchorIndex="0" nDisToAnchor="5626" anchorType="1" />
                    <CAnchorLocateInfo nAnchorIndex="0" nDisToAnchor="9953" anchorType="2" />
                  </vecAnchorLocateInfo>
                </CLocateRecogUnit>
                <CRecogInfo bIgnorePoint="0" nMaxPointWidth="0" nMaxPointHeight="0" bMatchRegExp="1" charOrder="\C([\C\D]\D{5,6}\([\DA]\))?(\D/\D{6}/\D)?" bConfirmParams="0">
                  <CLocateInfo bEraseStart="0" nMinWHRatio="0" nMaxWHRatio="120" nSplitWHRatio="2000" bSplit="0" nNumType="0" bSpace="0" bWidth="0" bHeight="1" bRemoveLineNoise="0" nMinElementNum="10" nMaxElementNum="11" nMinWidth="40" nMaxWidth="300" nMinHeight="343" nMaxHeight="580" nMinSpace="0" nMaxSpace="200" bPostProcess="1">
                    <vecCLocateMethod>
                      <CLocateMethod nLocateMethod="1">
                        <vecProcessImage>
                          <CProcessImage processType="1">
                            <CTrueColorToGrayEx nFilter="0">
                              <RECT Top="0" Right="0" Bottom="0" Left="0"></RECT>
                            </CTrueColorToGrayEx>
                          </CProcessImage>
                          <CProcessImage processType="2">
                            <CGrayToBinaryEx>
                              <vecBinaryParam>
                                <BINARYPARAM nBlockNum="1" nMethod="6" />
                              </vecBinaryParam>
                              
                              <RECT Left="0" Top="0" Right="0" Bottom="0" />
                            </CGrayToBinaryEx>
                          </CProcessImage>
                        </vecProcessImage>
                      </CLocateMethod>
                  </vecCLocateMethod>
                  </CLocateInfo>
                  <vecKernal>
                    <CKernalInfo kernalMainType="1" nKernalSubType="10" nFilterType="7" nFillingMethod="1" strFilterPlus="" nRecogType="1" nRecogImgeType="0">
                      <vecCharRatio>
                        <CCharRatio strChars="" charType="2" nWHRatio="63" />
                        <CCharRatio strChars="ABCDEFGHJKLMNOPQRSTUVWYZX" charType="10" nWHRatio="70" />
                        <CCharRatio strChars="1()" charType="10" nWHRatio="30" />
                      </vecCharRatio>
                    </CKernalInfo>
                    <CKernalInfo kernalMainType="1" nKernalSubType="7" nFilterType="256" nFillingMethod="1" strFilterPlus="" nRecogType="1" nRecogImgeType="0">
                      <vecCharRatio>
                        <CCharRatio strChars="/" charType="10" nWHRatio="40" />
						 <CCharRatio strChars="ABCDEFGHJKLMNOPQRSTUVWYZX" charType="10" nWHRatio="70" />
                        <CCharRatio strChars="1()" charType="10" nWHRatio="30" />
                      </vecCharRatio>
                    </CKernalInfo>
                  </vecKernal>
                </CRecogInfo>
              </CRecogUnit>
            </vecRecogUnit>
            
          </CLine>
        </vecLine>
      </CRegion>
    </vecRegion>
    <vecAnchor>
      <CAnchor nIndex="0" anchorType="0" anchorPos="0" bEnable="0" nMinPos="-1" nMaxPos="-1" />
      <CAnchor nIndex="1" anchorPos="-1" anchorType="1" bEnable="0" nMinPos="-1" nMaxPos="-1" />
      <CAnchor nIndex="2" anchorPos="-1" anchorType="4" bEnable="0" nMinPos="-1" nMaxPos="-1" />
    </vecAnchor>
    <vecOutPutResult>
      <COutPutResult nIndex="0" cellRecogType="20" cellNameEng="Reserve" cellName="保留" nOutputThreshold="0" nOutputNumber="0" bFormatResult="0" />
      <COutPutResult nIndex="1" cellRecogType="20" cellNameEng="Chinese name" cellName="中文姓名" nOutputThreshold="0" nOutputNumber="0" bFormatResult="0" />
      <COutPutResult nIndex="2" cellRecogType="11" cellNameEng="English name" cellName="拼音姓名" nOutputThreshold="0" nOutputNumber="0" bFormatResult="1">
        <CFormatInfo strInFormat="S S, G G" strDefault="" strOutFormat="SC SC, GL GL" />
      </COutPutResult>
      <COutPutResult nIndex="3" cellRecogType="1" cellNameEng="Sex" cellName="性别" nOutputThreshold="0" nOutputNumber="0" bFormatResult="0" />
      <COutPutResult nIndex="4" cellRecogType="3" cellNameEng="Date of birth" cellName="出生日期" nOutputThreshold="0" nOutputNumber="0" bFormatResult="1" bMainField="1" nRejectThresh="15">
        <CFormatInfo strDefault="" strInFormat="DD-MM-YYYY" strOutFormat="YYYY-MM-DD" />
      </COutPutResult>
      <COutPutResult nIndex="5" cellRecogType="4" cellNameEng="Date of issue" cellName="签发日期" nOutputThreshold="10" nOutputNumber="5" bFormatResult="1" bMainField="1" nRejectThresh="20">
        <CFormatInfo strDefault="" strInFormat="DD-MM-YY" strOutFormat="YYYY-MM-DD" />
      </COutPutResult>
      <COutPutResult nIndex="6" cellRecogType="20" cellNameEng="ID number" cellName="身份证号码" nOutputThreshold="0" nOutputNumber="0" bFormatResult="0" bMainField="1" nRejectThresh="20">   
      </COutPutResult>
	  <COutPutResult nIndex="7" cellRecogType="20" cellNameEng="Symbol" cellName="符号标记" nOutputThreshold="0" nOutputNumber="0" bFormatResult="0" bMainField="0">
	  </COutPutResult>
   </vecOutPutResult>
  </CIDCardTemplate>
 
 </IDCARD>