<?xml version="1.0" encoding="utf-8"?>
<!DOCTYPE IDCARD SYSTEM "IDCARD.dtd">
<IDCARD>
 <CIDCardTemplate nMainDocumentID="1003" chDocumentName="边境地区出入境通行证2005版-照片页" engDocumentName="China Border Exit and Entry Permit 2005 Edition Portrait Page" imageSizeType="7">
    <vecAutoProcess>
        <vecProcessMode nMode="1"> 
			<CAutoProcess processType="23">
			  <CIDCardAutoProcessEx2 nCropType="4" nMaxAngle="0.3" nMinAngle="0.017" nFilledType="1" bIs180Rotate="0" bIsValid="0"  bSameSize="1"/> 
			</CAutoProcess>  
		</vecProcessMode>
    </vecAutoProcess>
    <vecProcessImage>
      <CProcessImage processType="3">
        <CEraseBlackBorderEx>
          <RECT Left="0" Top="0" Right="10000" Bottom="10000" />
          <RECT Left="2000" Top="2000" Right="8900" Bottom="8000" />
        </CEraseBlackBorderEx>
      </CProcessImage>
	  <CProcessImage processType="9">
        <CCropImage nMinSrcWidth="6000" nRotateType="0" nMinSrcHeight="4000" nUnitType="0">
          <RECT Top="0" Right="5000" Bottom="10000" Left="0" />
      </CCropImage>
      </CProcessImage>
    </vecProcessImage>
    <vecRegion>
    </vecRegion>
  <vecDeriveUnit></vecDeriveUnit>   
    <vecAnchor>
      <CAnchor nIndex="0" anchorType="0" anchorPos="0" bEnable="0" nMinPos="-1" nMaxPos="-1" />
    </vecAnchor>
    <vecOutPutResult>
      <COutPutResult nIndex="0" cellRecogType="20" cellNameEng="Reserve" cellName="保留" nOutputThreshold="0" nOutputNumber="0" bFormatResult="0" />
      <COutPutResult nIndex="1" cellRecogType="20" cellNameEng="ID Number" cellName="证件号码" nOutputThreshold="0" nOutputNumber="0" bFormatResult="0" bMainField="1" nRejectThresh="35"/>
      <COutPutResult nIndex="2" cellRecogType="20" cellNameEng="Name" cellName="姓名" nOutputThreshold="0" nOutputNumber="0" bFormatResult="1" >
      <CFormatInfo strDefault="" strInFormat="" strOutFormat="">
          <vecCReplaceChar>
            <CReplaceChar newChar=" " oldChar="&lt;"></CReplaceChar>
          </vecCReplaceChar>
        </CFormatInfo>
      </COutPutResult>
      <COutPutResult nIndex="3" cellRecogType="20" cellNameEng="Sex" cellName="性别" nOutputThreshold="0" nOutputNumber="0" bFormatResult="1" >
      <CFormatInfo strDefault="" strInFormat="" strOutFormat="">
          <vecCReplaceChar>
            <CReplaceChar newChar="男" oldChar="M"/>
            <CReplaceChar newChar="女" oldChar="F"/>
          </vecCReplaceChar>
        </CFormatInfo>
        </COutPutResult>
      <COutPutResult nIndex="4" cellRecogType="3" cellNameEng="Date of Birth" cellName="出生日期" nOutputThreshold="0" nOutputNumber="0" bFormatResult="1" bMainField="1" nRejectThresh="35">
           <CFormatInfo strDefault="" strInFormat="YYMMDD" strOutFormat="YYYY-MM-DD" />
      </COutPutResult>
      <COutPutResult nIndex="5" cellRecogType="20" cellNameEng="ID card No." cellName="身份证号码" nOutputThreshold="0" nOutputNumber="0" bFormatResult="0" />
      <COutPutResult nIndex="6" cellRecogType="20" cellNameEng="MRZ1" cellName="MRZ1" nOutputThreshold="0" nOutputNumber="0" bFormatResult="0" />
      <COutPutResult nIndex="7" cellRecogType="20" cellNameEng="MRZ2" cellName="MRZ2" nOutputThreshold="0" nOutputNumber="0" bFormatResult="0" />
    </vecOutPutResult>
     <vecMergeUnit>     
    <CMergeUnit nDestUnitIndex="4" nDestUnitType="4" nSrcUnitIndex="4" nSrcUnitType="4" strSrc="2013" strDest="" nProcessPos="-1" bMeet="1" bSynchronous="0" nOperateType="19"/>
  </vecMergeUnit>
    <vecSubTemplate>
      <CSubTemplate nSubID="1"><!--旧版边民证-->
        <vecRegion>
       <CRegion nIndex="0" nRegionType="0" nProcessOrder="0">
        <vecImageLightType>
          <LIGHTTYPE>1</LIGHTTYPE>
        </vecImageLightType>
        <CLocateRegion bAccurateLocate="1">
          <vecProcessImage>
            <CProcessImage processType="1">
              <CTrueColorToGrayEx nFilter="0">
                <RECT Top="0" Right="0" Bottom="0" Left="0" />
              </CTrueColorToGrayEx>
            </CProcessImage>
          </vecProcessImage>
          <RECT Left="5681" Top="1393" Right="7994" Bottom="4027" />
          <vecAnchorLocateInfo>
            <CAnchorLocateInfo nAnchorIndex="0" nDisToAnchor="5136" anchorType="1" />
            <CAnchorLocateInfo nAnchorIndex="0" nDisToAnchor="8409" anchorType="2" />
            <CAnchorLocateInfo nAnchorIndex="0" nDisToAnchor="1195" anchorType="3" />
            <CAnchorLocateInfo nAnchorIndex="0" nDisToAnchor="4327" anchorType="4" />
          </vecAnchorLocateInfo>
          <vecCLocateAnchor>
            <CLocateAnchor nDisToAnchor="0" nAnchorIndex="1" anchorType="4" />
          </vecCLocateAnchor>
        </CLocateRegion>
      </CRegion>
       <CRegion nIndex="1" nRegionType="1" nProcessOrder="1">
        <vecImageLightType>
          <LIGHTTYPE>1</LIGHTTYPE>
          <LIGHTTYPE>2</LIGHTTYPE>
        </vecImageLightType>
        <CLocateRegion bAccurateLocate="0">
          <vecProcessImage></vecProcessImage>
          <RECT Left="9999" Top="9999" Right="0" Bottom="0" />
          <vecAnchorLocateInfo>
            <CAnchorLocateInfo nAnchorIndex="0" nDisToAnchor="3409" anchorType="1" />
            <CAnchorLocateInfo nAnchorIndex="0" nDisToAnchor="6700" anchorType="2" />
            <CAnchorLocateInfo nAnchorIndex="1" nDisToAnchor="500" anchorType="3" />
            <CAnchorLocateInfo nAnchorIndex="0" nDisToAnchor="4780" anchorType="3" />
            <CAnchorLocateInfo nAnchorIndex="0" nDisToAnchor="5578" anchorType="4" />
          </vecAnchorLocateInfo>
          <vecCLocateAnchor>
          <CLocateAnchor nDisToAnchor="0" nAnchorIndex="2" anchorType="1" />
          </vecCLocateAnchor>
        </CLocateRegion>
        <CLocateLine>
          <RECT Left="0" Top="0" Right="100" Bottom="100" />
          <RECT Left="0" Top="0" Right="100" Bottom="100" />
          <CLocateInfo bEraseStart="0" nMinWHRatio="0" nMaxWHRatio="160" nSplitWHRatio="2000" bSplit="0" nNumType="0" bSpace="0" bWidth="0" bHeight="0" bRemoveLineNoise="0" nMinElementNum="1" nMaxElementNum="1" nMinWidth="1000" nMaxWidth="3200" nMinHeight="200" nMaxHeight="350" nMinSpace="100" nMaxSpace="300" bPostProcess="0">
            <vecCLocateMethod>
              <CLocateMethod nLocateMethod="0">
                <vecProcessImage>
                  <CProcessImage processType="1">
                    <CTrueColorToGrayEx nFilter="0">
                      <RECT Top="0" Right="0" Bottom="0" Left="0" />
                    </CTrueColorToGrayEx>
                  </CProcessImage>
                </vecProcessImage>
              </CLocateMethod>
              <CLocateMethod nLocateMethod="1">
                <vecProcessImage>
                  <CProcessImage processType="1">
                    <CTrueColorToGrayEx nFilter="0">
                      <RECT Top="0" Right="0" Bottom="0" Left="0" />
                    </CTrueColorToGrayEx>
                  </CProcessImage>
                  <CProcessImage processType="2">
                    <CGrayToBinaryEx>
                      <vecBinaryParam>
                        <BINARYPARAM nBlockNum="1" nMethod="3" />
                      </vecBinaryParam>
                      <RECT Left="0" Top="0" Right="0" Bottom="0" />
                    </CGrayToBinaryEx>
                  </CProcessImage>
                </vecProcessImage>
              </CLocateMethod>
            </vecCLocateMethod>
          </CLocateInfo>
          <positionPlus nLeftPlus="-120" nRightPlus="200" nTopPlus="-120" nBottomPlus="100" />
        </CLocateLine>
        <vecLine>
          <CLine nIndex="0" bStartOffset="0" bEndOffset="1" bExist="1" bNeedRecog="0" nCheckKeyWord="0">
            <RECT Left="0" Top="0" Right="0" Bottom="0" />
            <vecRecogUnit>
              <CRecogUnit nIndex="1" bLocate="1" bRecog="1">
                <CLocateRecogUnit nStartIndexInChar="-1" nEndIndexInChar="0" bStart="0" bEnd="1">
                  <vecAnchorLocateInfo>
					  <CAnchorLocateInfo nDisToAnchor="895" nAnchorIndex="2" anchorType="1" />
                      <CAnchorLocateInfo nDisToAnchor="5568" nAnchorIndex="0" anchorType="1" />
                      <CAnchorLocateInfo nDisToAnchor="6000" nAnchorIndex="0" anchorType="2" />
                  </vecAnchorLocateInfo>
                </CLocateRecogUnit>
                <CRecogInfo bIgnorePoint="1" nMaxPointWidth="0" nMaxPointHeight="0" bMatchRegExp="0" charOrder="\D{7}" bConfirmParams="0">
                  <CLocateInfo bEraseStart="0" nMinWHRatio="10" nMaxWHRatio="80" nSplitWHRatio="2000" bSplit="0" nNumType="0" bSpace="0" bWidth="0" bHeight="0" bRemoveLineNoise="0" nMinElementNum="7" nMaxElementNum="7" nMinWidth="100" nMaxWidth="280" nMinHeight="200" nMaxHeight="450" nMinSpace="20" nMaxSpace="300" bPostProcess="0">
                    <vecCLocateMethod>
                     <CLocateMethod nLocateMethod="1">
                        <vecProcessImage>
                          <CProcessImage processType="1">
                            <CTrueColorToGrayEx nFilter="0">
                              <RECT Top="0" Right="0" Bottom="0" Left="0"></RECT>
                            </CTrueColorToGrayEx>
                          </CProcessImage>
                          <CProcessImage processType="2">
                            <CGrayToBinaryEx>
                              <vecBinaryParam>
                                <BINARYPARAM nBlockNum="1" nMethod="6" />
                              </vecBinaryParam>
                              <RECT Left="0" Top="0" Right="0" Bottom="0" />
                            </CGrayToBinaryEx>
                          </CProcessImage>
                        </vecProcessImage>
                      </CLocateMethod>               
                    </vecCLocateMethod>
                  </CLocateInfo>
                  <vecKernal>
                    <CKernalInfo kernalMainType="1" nKernalSubType="6" nFilterType="0" nFillingMethod="1" strFilterPlus="" nRecogType="1" nRecogImgeType="0">
                      <vecCharRatio>
                        <CCharRatio strChars="" charType="2" nWHRatio="50" />
                        <CCharRatio strChars="1" charType="10" nWHRatio="25" />
                      </vecCharRatio>
                    </CKernalInfo>
                    <CKernalInfo kernalMainType="1" nKernalSubType="10" nFilterType="7" nFillingMethod="1" strFilterPlus="" nRecogType="1" nRecogImgeType="0">
                      <vecCharRatio>
                        <CCharRatio strChars="" charType="2" nWHRatio="50" />
                        <CCharRatio strChars="1" charType="10" nWHRatio="25" />
                      </vecCharRatio>
                    </CKernalInfo>
                  </vecKernal>
                </CRecogInfo>
              </CRecogUnit>
            </vecRecogUnit>
        </CLine>
        </vecLine>
      </CRegion>
    </vecRegion>
        <vecDeriveUnit></vecDeriveUnit>
        <vecAnchor>
         <CAnchor nIndex="1" anchorPos="-1" anchorType="4" bEnable="0" nMinPos="-1" nMaxPos="-1" />
         <CAnchor nIndex="2" anchorPos="-1" anchorType="1" bEnable="0" nMinPos="-1" nMaxPos="-1" />
        </vecAnchor>
      </CSubTemplate>
      <CSubTemplate nSubID="2"><!--新版边民证-->
        <vecRegion>
       <CRegion nIndex="0" nRegionType="0" nProcessOrder="0">
        <vecImageLightType>
          <LIGHTTYPE>1</LIGHTTYPE>
        </vecImageLightType>
        <CLocateRegion bAccurateLocate="1">
          <vecProcessImage>
            <CProcessImage processType="1">
              <CTrueColorToGrayEx nFilter="0">
                <RECT Top="0" Right="0" Bottom="0" Left="0" />
              </CTrueColorToGrayEx>
            </CProcessImage>
          </vecProcessImage>
          <RECT Left="3266" Top="1281" Right="5792" Bottom="3235" />
          <vecAnchorLocateInfo>
            <CAnchorLocateInfo nAnchorIndex="0" nDisToAnchor="2920" anchorType="1" />
            <CAnchorLocateInfo nAnchorIndex="0" nDisToAnchor="6023" anchorType="2" />
            <CAnchorLocateInfo nAnchorIndex="0" nDisToAnchor="1126" anchorType="3" />
            <CAnchorLocateInfo nAnchorIndex="0" nDisToAnchor="3877" anchorType="4" />
          </vecAnchorLocateInfo>
          <vecCLocateAnchor>    
          </vecCLocateAnchor>
        </CLocateRegion>
      </CRegion>
       <CRegion nIndex="1" nRegionType="1" nProcessOrder="1">
        <vecImageLightType>
          <LIGHTTYPE>1</LIGHTTYPE>
          <LIGHTTYPE>2</LIGHTTYPE>
        </vecImageLightType>
        <CLocateRegion bAccurateLocate="0">
          <vecProcessImage>
          </vecProcessImage>
        <RECT Left="10000" Top="10000" Right="0" Bottom="0" />
          <vecAnchorLocateInfo>
            <CAnchorLocateInfo nAnchorIndex="0" nDisToAnchor="100" anchorType="1" />
            <CAnchorLocateInfo nAnchorIndex="0" nDisToAnchor="9710" anchorType="2" />
            <CAnchorLocateInfo nAnchorIndex="0" nDisToAnchor="7400" anchorType="3" />
            <CAnchorLocateInfo nAnchorIndex="0" nDisToAnchor="10000" anchorType="4" />
          </vecAnchorLocateInfo>
          <vecCLocateAnchor>
          </vecCLocateAnchor>
        </CLocateRegion>
        <CLocateLine>
          <RECT Left="0" Top="0" Right="100" Bottom="100" />
          <RECT Left="0" Top="0" Right="100" Bottom="100" />
          <CLocateInfo bEraseStart="0" nMinWHRatio="0" nMaxWHRatio="160" nSplitWHRatio="2000" bSplit="0" nNumType="0" bSpace="0" bWidth="0" bHeight="0" bRemoveLineNoise="0" nMinElementNum="2" nMaxElementNum="2" nMinWidth="7500" nMaxWidth="9999" nMinHeight="190" nMaxHeight="420" nMinSpace="140" nMaxSpace="730"  bPostProcess="0">
            <vecCLocateMethod>
            <CLocateMethod nLocateMethod="1">
                <vecProcessImage>
                 <CProcessImage processType="1">
                    <CTrueColorToGrayEx nFilter="0">
                      <RECT Top="0" Right="0" Bottom="0" Left="0" />
                    </CTrueColorToGrayEx>
                  </CProcessImage>
                  <CProcessImage processType="2">
                    <CGrayToBinaryEx>
                      <vecBinaryParam>
                        <BINARYPARAM nBlockNum="2" nMethod="7" />
                        <BINARYPARAM nBlockNum="1" nMethod="3" />
                      </vecBinaryParam>
                      <RECT Left="0" Top="0" Right="0" Bottom="0" />
                    </CGrayToBinaryEx>
                  </CProcessImage>
                </vecProcessImage>
              </CLocateMethod>
            <CLocateMethod nLocateMethod="1">
                <vecProcessImage>
                 <CProcessImage processType="1">
                    <CTrueColorToGrayEx nFilter="0">
                      <RECT Top="0" Right="0" Bottom="0" Left="0" />
                    </CTrueColorToGrayEx>
                  </CProcessImage>
                  <CProcessImage processType="2">
                    <CGrayToBinaryEx>
                      <vecBinaryParam>
                        <BINARYPARAM nBlockNum="1" nMethod="6" />
                      </vecBinaryParam>
                      <RECT Left="0" Top="0" Right="0" Bottom="0" />
                    </CGrayToBinaryEx>
                  </CProcessImage>
                </vecProcessImage>
              </CLocateMethod>
            </vecCLocateMethod>
          </CLocateInfo>
          <positionPlus nLeftPlus="-120" nRightPlus="200" nTopPlus="-120" nBottomPlus="100" />
        </CLocateLine>
        <vecLine>
          <CLine nIndex="1" bStartOffset="0" bEndOffset="1" bExist="1" bNeedRecog="1" nCheckKeyWord="0">
            <RECT Left="0" Top="0" Right="0" Bottom="0" />
            <CRecogInfo bIgnorePoint="0" nMaxPointWidth="0" nMaxPointHeight="0" bMatchRegExp="1" charOrder="T&lt;MNG[\C&lt;]{39}" bConfirmParams="0">
              <CLocateInfo bEraseStart="0" nMinWHRatio="0" nMaxWHRatio="130" nSplitWHRatio="2000" bSplit="0" nNumType="0" bSpace="0" bWidth="0" bHeight="0" bRemoveLineNoise="0" nMinElementNum="44" nMaxElementNum="44" nMinWidth="120" nMaxWidth="220" nMinHeight="155" nMaxHeight="340" nMinSpace="25" nMaxSpace="140" bPostProcess="1">
                <vecCLocateMethod>
                  <CLocateMethod nLocateMethod="1">
                    <vecProcessImage>
                      <CProcessImage processType="1">
                        <CTrueColorToGrayEx nFilter="0">
                          <RECT Top="0" Right="0" Bottom="0" Left="0"></RECT>
                        </CTrueColorToGrayEx>
                      </CProcessImage>
                      <CProcessImage processType="2">
                        <CGrayToBinaryEx>
                          <vecBinaryParam>
                            <BINARYPARAM nBlockNum="1" nMethod="6" />
                          </vecBinaryParam>
                          <RECT Left="0" Top="0" Right="0" Bottom="0" />
                        </CGrayToBinaryEx>
                      </CProcessImage>
                    </vecProcessImage>
                  </CLocateMethod>
                 <CLocateMethod nLocateMethod="0">
                   <vecProcessImage>
                      <CProcessImage processType="1">
                        <CTrueColorToGrayEx nFilter="0">
                          <RECT Top="0" Right="0" Bottom="0" Left="0" />
                        </CTrueColorToGrayEx>
                      </CProcessImage>
                    </vecProcessImage>
                  </CLocateMethod>
                </vecCLocateMethod>
              </CLocateInfo>
              <vecKernal>
                <CKernalInfo kernalMainType="1" nKernalSubType="6" nFilterType="0" nFillingMethod="1" strFilterPlus="" nRecogType="1" nRecogImgeType="0">
                  <vecCharRatio>
                    <CCharRatio strChars="" charType="3" nWHRatio="75" />
                    <CCharRatio strChars="O" charType="10" nWHRatio="103"/>
                    <CCharRatio strChars="I" charType="10" nWHRatio="30"/>
                    <CCharRatio strChars="&lt;" charType="10" nWHRatio="100" />
                  </vecCharRatio>
                </CKernalInfo>
                 <CKernalInfo kernalMainType="1" nKernalSubType="7" nFilterType="256" nFillingMethod="1" strFilterPlus="" nRecogType="1" nRecogImgeType="0">
                      <vecCharRatio>
                        <CCharRatio strChars="" charType="3" nWHRatio="85" />
                      </vecCharRatio>
                    </CKernalInfo> 
              </vecKernal>
            </CRecogInfo>
            <vecRecogUnit>
              <CRecogUnit nIndex="6" bLocate="0" bRecog="0"></CRecogUnit>
            </vecRecogUnit>
            <vecLineKeyWord></vecLineKeyWord>
            <vecCLocateAnchor>
            </vecCLocateAnchor>
          </CLine>
          <CLine nIndex="0" bStartOffset="0" bEndOffset="1" bExist="1" bNeedRecog="1" nCheckKeyWord="0">
            <RECT Left="0" Top="0" Right="0" Bottom="0" />
            <CRecogInfo bIgnorePoint="0" nMaxPointWidth="0" nMaxPointHeight="0" bMatchRegExp="1" charOrder="\D{10,11}MNG\D{7}[MF]\D{7}\C&lt;\C[\C\D]{2}\D{6}[\D&lt;]&lt;{2}\D{2}" bConfirmParams="0">
              <CLocateInfo bEraseStart="0" nMinWHRatio="0" nMaxWHRatio="130" nSplitWHRatio="2000" bSplit="0" nNumType="0" bSpace="0" bWidth="0" bHeight="0" bRemoveLineNoise="0" nMinElementNum="44" nMaxElementNum="45" nMinWidth="80" nMaxWidth="240" nMinHeight="175" nMaxHeight="380" nMinSpace="25" nMaxSpace="140" bPostProcess="1">
                <vecCLocateMethod>
                  <CLocateMethod nLocateMethod="1">
                    <vecProcessImage>
                      <CProcessImage processType="1">
                        <CTrueColorToGrayEx nFilter="0">
                          <RECT Top="0" Right="0" Bottom="0" Left="0"></RECT>
                        </CTrueColorToGrayEx>
                      </CProcessImage>
                      <CProcessImage processType="2">
                        <CGrayToBinaryEx>
                          <vecBinaryParam>
                            <BINARYPARAM nBlockNum="1" nMethod="6" />
                          </vecBinaryParam>
                          <RECT Left="0" Top="0" Right="0" Bottom="0" />
                        </CGrayToBinaryEx>
                      </CProcessImage>
                    </vecProcessImage>
                  </CLocateMethod>
                  <CLocateMethod nLocateMethod="0">
                   <vecProcessImage>
                      <CProcessImage processType="1">
                        <CTrueColorToGrayEx nFilter="0">
                          <RECT Top="0" Right="0" Bottom="0" Left="0" />
                        </CTrueColorToGrayEx>
                      </CProcessImage>
                    </vecProcessImage>
                  </CLocateMethod>
                </vecCLocateMethod>
              </CLocateInfo>
              <vecKernal>
                <CKernalInfo kernalMainType="1" nKernalSubType="6" nFilterType="0" nFillingMethod="1" strFilterPlus="" nRecogType="1" nRecogImgeType="0">
                  <vecCharRatio>
                    <CCharRatio strChars="" charType="3" nWHRatio="75" />
                    <CCharRatio strChars="O" charType="10" nWHRatio="103"/>
                    <CCharRatio strChars="I" charType="10" nWHRatio="30"/>
                    <CCharRatio strChars="&lt;" charType="10" nWHRatio="100" />
                    <CCharRatio strChars="" charType="2" nWHRatio="65"/>
                  </vecCharRatio>
                </CKernalInfo>
                 <CKernalInfo kernalMainType="1" nKernalSubType="7" nFilterType="256" nFillingMethod="1" strFilterPlus="" nRecogType="1" nRecogImgeType="0">
                      <vecCharRatio>
                        <CCharRatio strChars="" charType="3" nWHRatio="85" />
                      </vecCharRatio>
                    </CKernalInfo> 
              </vecKernal>
            </CRecogInfo>
            <vecRecogUnit>
              <CRecogUnit nIndex="7" bLocate="0" bRecog="0"></CRecogUnit>
            </vecRecogUnit>
            <vecLineKeyWord></vecLineKeyWord>
            <vecCLocateAnchor></vecCLocateAnchor>
          </CLine>
        </vecLine>
      </CRegion>
    </vecRegion>
        <vecDeriveUnit>
        <CDeriveUnit nEndCharIndex="-1" nSrcRecogUnitIndex="7" nIndex="1" nStartCharIndex="0">
            <vecFlagFind>
            <CFlagFind nPosType="1" nFindType="1" bStart="1" nStartIndex="0" strFlag="\C" nNum="1" nIndexPlus="-2" />
            </vecFlagFind>
         </CDeriveUnit>
        <CDeriveUnit nEndCharIndex="-1" nSrcRecogUnitIndex="6" nIndex="2" nStartCharIndex="5">
            <vecFlagFind>
            <CFlagFind nPosType="1" nFindType="1" bStart="0" nStartIndex="0" strFlag="\C" nNum="1" nIndexPlus="0" />
            </vecFlagFind>
         </CDeriveUnit>  
        <CDeriveUnit nEndCharIndex="-1" nSrcRecogUnitIndex="7" nIndex="3" nStartCharIndex="-1">
          <vecFlagFind>
            <CFlagFind nPosType="0" nFindType="1" bStart="1" nStartIndex="0" strFlag="\C" nNum="4" nIndexPlus="0" />
            <CFlagFind nPosType="1" nFindType="1" bStart="1" nStartIndex="0" strFlag="\C" nNum="4" nIndexPlus="0" />
            </vecFlagFind>
         </CDeriveUnit>
        <CDeriveUnit nEndCharIndex="-1" nSrcRecogUnitIndex="7" nIndex="4" nStartCharIndex="-1">
          <vecFlagFind>
            <CFlagFind nPosType="0" nFindType="1" bStart="1" nStartIndex="0" strFlag="\C" nNum="3" nIndexPlus="1" />
            <CFlagFind nPosType="1" nFindType="1" bStart="1" nStartIndex="0" strFlag="\C" nNum="4" nIndexPlus="-2" />
            </vecFlagFind>
         </CDeriveUnit>
        </vecDeriveUnit>
        <vecAnchor>
        </vecAnchor>
      </CSubTemplate>      
    </vecSubTemplate>   
  </CIDCardTemplate>
 
  </IDCARD>