<?xml version="1.0" encoding="utf-8"?>
<!DOCTYPE IDCARD SYSTEM "IDCARD.dtd">
<IDCARD>
   <CIDCardTemplate nMainDocumentID="1100" chDocumentName="车辆识别代号" engDocumentName="Vehicle identification number" imageSizeType="10">
    <vecProcessImage>
    <CProcessImage processType="1">
	  <CTrueColorToGrayEx nFilter="0">
		<RECT Top="0" Right="0" Bottom="0" Left="0" />
	  </CTrueColorToGrayEx>
    </CProcessImage>
	<CProcessImage processType="13">
	  <CInvertImage>
		<RECT Top="0" Right="0" Bottom="0" Left="0" />
	  </CInvertImage>
	</CProcessImage>
	<CProcessImage processType="7">
	  <CMedianFilterEx>
		  <RECT Top="0" Right="0" Bottom="0" Left="0" />
	  </CMedianFilterEx>
	</CProcessImage>
    </vecProcessImage>
    <vecRegion>
      <CRegion nIndex="0" nRegionType="1" nProcessOrder="0">
        
        <vecImageLightType>
          
          <LIGHTTYPE>1</LIGHTTYPE>
          <LIGHTTYPE>2</LIGHTTYPE>
        </vecImageLightType>
        
        
        <CLocateRegion bAccurateLocate="0">
          <vecProcessImage></vecProcessImage>
         
          <RECT Left="200" Top="150" Right="9600" Bottom="9800" />
          <vecAnchorLocateInfo>
            
            <CAnchorLocateInfo nAnchorIndex="0" nDisToAnchor="0" anchorType="1" />
            <CAnchorLocateInfo nAnchorIndex="0" nDisToAnchor="10000" anchorType="2" />
            <CAnchorLocateInfo nAnchorIndex="0" nDisToAnchor="0" anchorType="3" />
            <CAnchorLocateInfo nAnchorIndex="0" nDisToAnchor="10000" anchorType="4" />
          </vecAnchorLocateInfo>
          
          <vecCLocateAnchor></vecCLocateAnchor>
        </CLocateRegion>
        <CLocateLine>
          
          <RECT Left="0" Top="0" Right="100" Bottom="100" />
          
          <RECT Left="10" Top="0" Right="90" Bottom="100" />
          <CLocateInfo bEraseStart="0" nMinWHRatio="0" nMaxWHRatio="160" nSplitWHRatio="2000" bSplit="0" nNumType="0" bSpace="0" bWidth="0" bHeight="0" bRemoveLineNoise="0" nMinElementNum="1" nMaxElementNum="2" nMinWidth="6000" nMaxWidth="10000" nMinHeight="2000" nMaxHeight="9900" nMinSpace="50" nMaxSpace="300" bPostProcess="0">
            <vecCLocateMethod>
              <CLocateMethod nLocateMethod="1">
                <vecProcessImage>
                  <CProcessImage processType="2">
                    <CGrayToBinaryEx>
                      <vecBinaryParam>
                        <BINARYPARAM nBlockNum="1" nMethod="6" />
                        <BINARYPARAM nBlockNum="1" nMethod="3" />
                      </vecBinaryParam>
                      
                      <RECT Left="0" Top="0" Right="0" Bottom="0" />
                    </CGrayToBinaryEx>
                  </CProcessImage>
                </vecProcessImage>
              </CLocateMethod>
            </vecCLocateMethod>
          </CLocateInfo>
          <positionPlus nLeftPlus="-520" nRightPlus="500" nTopPlus="-400" nBottomPlus="800" />
        </CLocateLine>
        <vecLine>
          <CLine nIndex="0" bStartOffset="1" bEndOffset="0" bExist="0" bNeedRecog="0" nCheckKeyWord="0"/>
          <CLine nIndex="1" bStartOffset="0" bEndOffset="1" bExist="1" bNeedRecog="1" nCheckKeyWord="0">
  
            <RECT Left="0" Top="0" Right="0" Bottom="0" />
            <CRecogInfo bIgnorePoint="1" nMaxPointWidth="200" nMaxPointHeight="800" bMatchRegExp="0" charOrder="[\D\C]{17}([\D\C]{2})*" bConfirmParams="1">
              <CLocateInfo bEraseStart="0" nMinWHRatio="10" nMaxWHRatio="135" nSplitWHRatio="2000" bSplit="0" nNumType="0" bSpace="1" bWidth="0" bHeight="1" bRemoveLineNoise="0" nMinElementNum="17" nMaxElementNum="19" nMinWidth="0" nMaxWidth="800" nMinHeight="0" nMaxHeight="9600" nMinSpace="0" nMaxSpace="800" bPostProcess="1">
                <vecCLocateMethod>
                  <CLocateMethod nLocateMethod="1">
                    <vecProcessImage>
                      <CProcessImage processType="1">
                        <CTrueColorToGrayEx nFilter="0">
                          <RECT Top="0" Right="0" Bottom="0" Left="0"></RECT>
                        </CTrueColorToGrayEx>
                      </CProcessImage>
                      <CProcessImage processType="2">
                        <CGrayToBinaryEx>
                          <vecBinaryParam>
                            <BINARYPARAM nBlockNum="1" nMethod="8" />
                            <BINARYPARAM nBlockNum="1" nMethod="6" />
                          </vecBinaryParam>
                          
                          <RECT Left="0" Top="0" Right="0" Bottom="0" />
                        </CGrayToBinaryEx>
                      </CProcessImage>
                    </vecProcessImage>
                  </CLocateMethod>
                  <CLocateMethod nLocateMethod="1">
                    <vecProcessImage>
                      <CProcessImage processType="1">
                        <CTrueColorToGrayEx nFilter="0">
                          <RECT Top="0" Right="0" Bottom="0" Left="0"></RECT>
                        </CTrueColorToGrayEx>
                      </CProcessImage>
                      <CProcessImage processType="2">
                        <CGrayToBinaryEx>
                          <vecBinaryParam>
                            <BINARYPARAM nBlockNum="1" nMethod="6" />
                             <BINARYPARAM nBlockNum="2" nMethod="7" />
                          </vecBinaryParam>
                          
                          <RECT Left="0" Top="0" Right="0" Bottom="0" />
                        </CGrayToBinaryEx>
                      </CProcessImage>
                    </vecProcessImage>
                  </CLocateMethod>
                  <CLocateMethod nLocateMethod="1">
                    <vecProcessImage>
                      <CProcessImage processType="1">
                        <CTrueColorToGrayEx nFilter="0">
                          <RECT Top="0" Right="0" Bottom="0" Left="0"></RECT>
                        </CTrueColorToGrayEx>
                      </CProcessImage>
                      <CProcessImage processType="2">
                        <CGrayToBinaryEx>
                          <vecBinaryParam>
                             <BINARYPARAM nBlockNum="1" nMethod="7" />
                             <BINARYPARAM nBlockNum="1" nMethod="8" />
                             <BINARYPARAM nBlockNum="1" nMethod="5" />
                          </vecBinaryParam>
                          
                          <RECT Left="0" Top="0" Right="0" Bottom="0" />
                        </CGrayToBinaryEx>
                      </CProcessImage>
                    </vecProcessImage>
                  </CLocateMethod>
                  <CLocateMethod nLocateMethod="1">
                    <vecProcessImage>
                      <CProcessImage processType="1">
                        <CTrueColorToGrayEx nFilter="0">
                          <RECT Top="0" Right="0" Bottom="0" Left="0"></RECT>
                        </CTrueColorToGrayEx>
                      </CProcessImage>
                      <CProcessImage processType="13">
						  <CInvertImage>
							<RECT Top="0" Right="0" Bottom="0" Left="0"></RECT>
						  </CInvertImage>
                      </CProcessImage>
                      <CProcessImage processType="2">
                        <CGrayToBinaryEx>
                          <vecBinaryParam>
                            <BINARYPARAM nBlockNum="1" nMethod="3" />
                            
                          </vecBinaryParam>
                          
                          <RECT Left="0" Top="0" Right="0" Bottom="0" />
                        </CGrayToBinaryEx>
                      </CProcessImage>
                    </vecProcessImage>
                  </CLocateMethod>
                </vecCLocateMethod>
              </CLocateInfo>
              <vecKernal>
                <CKernalInfo kernalMainType="1" nKernalSubType="7" nFilterType="1" nFillingMethod="0" strFilterPlus="" nRecogType="1" nRecogImgeType="0">
                  <vecCharRatio>
                    <CCharRatio strChars="" charType="2" nWHRatio="40" />
                    <CCharRatio strChars="" charType="3" nWHRatio="45" />
                    <CCharRatio strChars="1" charType="10" nWHRatio="20" />
                    <CCharRatio strChars="W☆" charType="10" nWHRatio="120" />
                  </vecCharRatio>
                </CKernalInfo>
                <CKernalInfo kernalMainType="1" nKernalSubType="7" nFilterType="256" nFillingMethod="0" strFilterPlus="" nRecogType="1" nRecogImgeType="0">
                  <vecCharRatio>
                    <CCharRatio strChars="" charType="2" nWHRatio="65" />
                    <CCharRatio strChars="" charType="3" nWHRatio="75" />
                  </vecCharRatio>
                </CKernalInfo>
                <CKernalInfo kernalMainType="1" nKernalSubType="6" nFilterType="0" nFillingMethod="0" strFilterPlus="" nRecogType="1" nRecogImgeType="0">
                  <vecCharRatio>
                   <CCharRatio strChars="" charType="2" nWHRatio="40" />
                    <CCharRatio strChars="" charType="3" nWHRatio="45" />
                    <CCharRatio strChars="1" charType="10" nWHRatio="20" />
                  </vecCharRatio>
                </CKernalInfo>
				<CKernalInfo kernalMainType="1" nKernalSubType="6" nFilterType="0" nFillingMethod="0" strFilterPlus="" nRecogType="1" nRecogImgeType="0">
                  <vecCharRatio>
                   <CCharRatio strChars="" charType="2" nWHRatio="65" />
                    <CCharRatio strChars="" charType="3" nWHRatio="75" />
                  </vecCharRatio>
                </CKernalInfo>
              </vecKernal>
            </CRecogInfo>
            
            <vecRecogUnit>
              <CRecogUnit nIndex="0" bLocate="0" bRecog="0">
              <vecCInsertChar>
				<CInsertChar strInsert="*" nMinSpace="" nInsertType="2" nMaxSpce="" nCharPos="18"></CInsertChar>
			  </vecCInsertChar>
              </CRecogUnit>
            </vecRecogUnit>
            
            <vecLineKeyWord>
            </vecLineKeyWord>
            <vecCLocateAnchor>
            </vecCLocateAnchor>
          </CLine>
        </vecLine>
      </CRegion>
    </vecRegion>
    <vecDeriveUnit>
		<CDeriveUnit nEndCharIndex="-1" nSrcRecogUnitIndex="0" nIndex="0" nStartCharIndex="-1">
			<vecFlagFind>
				<CFlagFind strFlag="*" nPosType="0" nNum="1" nStartIndex="0" nFindType="0" nIndexPlus="-17" bStart="0"/>
				<CFlagFind strFlag="\D" nPosType="0" nNum="1" nStartIndex="0" nFindType="1" nIndexPlus="-16" bStart="0"/>
				<CFlagFind strFlag="\C" nPosType="0" nNum="1" nStartIndex="0" nFindType="1" nIndexPlus="-16" bStart="0"/>
				<CFlagFind strFlag="\D" nPosType="1" nNum="1" nStartIndex="0" nFindType="1" nIndexPlus="0" bStart="0"/>
				<CFlagFind strFlag="*" nPosType="1" nNum="1" nStartIndex="0" nFindType="0" nIndexPlus="-1" bStart="0"/>
			</vecFlagFind>
		</CDeriveUnit>
    </vecDeriveUnit>
    <vecAnchor>
      <CAnchor nIndex="0" anchorType="0" anchorPos="0" bEnable="0" nMinPos="-1" nMaxPos="-1" />
    </vecAnchor>
    <vecOutPutResult>
      <COutPutResult nIndex="0" cellRecogType="20" cellNameEng="Vehicle identification number" cellName="车辆识别代号" nOutputThreshold="0" nOutputNumber="0" bFormatResult="1" bMainField="1">
		<CFormatInfo strDefault="" strInFormat="" strOutFormat="">
          <vecCReplaceChar>
            <CReplaceChar newChar="1" oldChar="I" />
            <CReplaceChar newChar="" oldChar="*." />
          </vecCReplaceChar>
        </CFormatInfo>
      </COutPutResult>
    </vecOutPutResult>
  </CIDCardTemplate>
   
  </IDCARD>