<?xml version="1.0" encoding="utf-8"?>
<!DOCTYPE IDCARD SYSTEM "IDCARD.dtd">
<IDCARD>
   <CIDCardTemplate nMainDocumentID="17" chDocumentName="海员证2009版-照片页" engDocumentName="China Seafarer's Passport 2009 Edition" imageSizeType="3">
    <vecAutoProcess>
	    <vecProcessMode nMode="0"> 
			<CAutoProcess processType="25">
			  <PerspectiveTransformEx nType="13" nWidth="1472" nHeight="1036"/> 
			</CAutoProcess> 		
		</vecProcessMode>
        <vecProcessMode nMode="1"> 
			<CAutoProcess processType="23">
			  <CIDCardAutoProcessEx2 nCropType="4" nMaxAngle="0.3" nMinAngle="0.017" nFilledType="1" bIs180Rotate="0" bIsValid="0"  bSameSize="1"/> 
			</CAutoProcess>  
		</vecProcessMode>
    </vecAutoProcess>
    <vecProcessImage>
      <CProcessImage processType="3">
        <CEraseBlackBorderEx>
          <RECT Left="0" Top="0" Right="10000" Bottom="10000" />
          <RECT Left="500" Top="500" Right="9200" Bottom="9500" />
        </CEraseBlackBorderEx>
      </CProcessImage>
    </vecProcessImage>
    <vecRegion>
      <CRegion nIndex="0" nRegionType="0" nProcessOrder="0">
        
        <vecImageLightType>
          
          <LIGHTTYPE>1</LIGHTTYPE>
        </vecImageLightType>
        
        
        <CLocateRegion bAccurateLocate="1">
          
          <vecProcessImage>
            <CProcessImage processType="1">
              <CTrueColorToGrayEx nFilter="0">
                <RECT Top="0" Right="0" Bottom="0" Left="0" />
              </CTrueColorToGrayEx>
            </CProcessImage>
          </vecProcessImage>
         
          <RECT Left="600" Top="1966" Right="2800" Bottom="6254" />
          <vecAnchorLocateInfo>
            
            <CAnchorLocateInfo nAnchorIndex="0" nDisToAnchor="100" anchorType="1" />
            <CAnchorLocateInfo nAnchorIndex="0" nDisToAnchor="3200" anchorType="2" />
            <CAnchorLocateInfo nAnchorIndex="0" nDisToAnchor="1766" anchorType="3" />
            <CAnchorLocateInfo nAnchorIndex="0" nDisToAnchor="7254" anchorType="4" />
          </vecAnchorLocateInfo>
          
          <vecCLocateAnchor>
            <CLocateAnchor nDisToAnchor="0" nAnchorIndex="1" anchorType="2" />
          </vecCLocateAnchor>
        </CLocateRegion>
      </CRegion>
      <CRegion nIndex="1" nRegionType="1" nProcessOrder="1">
        
        <vecImageLightType>
          
          <LIGHTTYPE>2</LIGHTTYPE>
          <LIGHTTYPE>1</LIGHTTYPE>
        </vecImageLightType>
        
        
        <CLocateRegion bAccurateLocate="0">
          <vecProcessImage></vecProcessImage>
         
          <RECT Left="10000" Top="10000" Right="0" Bottom="0" />
          <vecAnchorLocateInfo>
            
            <CAnchorLocateInfo nAnchorIndex="0" nDisToAnchor="20" anchorType="1" />
            <CAnchorLocateInfo nAnchorIndex="0" nDisToAnchor="9980" anchorType="2" />
            <CAnchorLocateInfo nAnchorIndex="0" nDisToAnchor="7000" anchorType="3" />
            <CAnchorLocateInfo nAnchorIndex="0" nDisToAnchor="10000" anchorType="4" />
          </vecAnchorLocateInfo>
          
          <vecCLocateAnchor></vecCLocateAnchor>
        </CLocateRegion>
        <CLocateLine>
          
          <RECT Left="0" Top="0" Right="100" Bottom="100" />
          
          <RECT Left="0" Top="0" Right="100" Bottom="100" />
          <CLocateInfo bEraseStart="0" nMinWHRatio="0" nMaxWHRatio="160" nSplitWHRatio="2000" bSplit="0" nNumType="0" bSpace="0" bWidth="0" bHeight="0" bRemoveLineNoise="0" nMinElementNum="2" nMaxElementNum="2" nMinWidth="7200" nMaxWidth="9999" nMinHeight="190" nMaxHeight="420" nMinSpace="140" nMaxSpace="730" bPostProcess="0">
            <vecCLocateMethod>
              <CLocateMethod nLocateMethod="1">
                <vecProcessImage>
                  <CProcessImage processType="1">
                    <CTrueColorToGrayEx nFilter="0">
                      <RECT Top="0" Right="0" Bottom="0" Left="0" />
                    </CTrueColorToGrayEx>
                  </CProcessImage>
                  <CProcessImage processType="2">
                    <CGrayToBinaryEx>
                      <vecBinaryParam>
                        <BINARYPARAM nBlockNum="1" nMethod="3" />
                      </vecBinaryParam>
                      
                      <RECT Left="0" Top="0" Right="0" Bottom="0" />
                    </CGrayToBinaryEx>
                  </CProcessImage>
                </vecProcessImage>
              </CLocateMethod>
            </vecCLocateMethod>
            
          </CLocateInfo>
          <positionPlus nLeftPlus="-200" nRightPlus="200" nTopPlus="-120" nBottomPlus="100" />
        </CLocateLine>
        <vecLine>
          <CLine nIndex="1" bStartOffset="0" bEndOffset="1" bExist="1" bNeedRecog="1" nCheckKeyWord="0">
       
            <RECT Left="0" Top="0" Right="0" Bottom="0" />
            <CRecogInfo bIgnorePoint="0" nMaxPointWidth="0" nMaxPointHeight="0" bMatchRegExp="1" charOrder="S[&lt;\C]\C[\C&lt;]{2}[\C&lt;]{39}" bConfirmParams="0">
              <CLocateInfo bEraseStart="0" nMinWHRatio="0" nMaxWHRatio="130" nSplitWHRatio="2000" bSplit="0" nNumType="0" bSpace="0" bWidth="0" bHeight="0" bRemoveLineNoise="0" nMinElementNum="44" nMaxElementNum="44" nMinWidth="80" nMaxWidth="230" nMinHeight="175" nMaxHeight="380" nMinSpace="0" nMaxSpace="140" bPostProcess="1">
                <vecCLocateMethod>
                  <CLocateMethod nLocateMethod="1">
                    <vecProcessImage>
                      <CProcessImage processType="1">
                        <CTrueColorToGrayEx nFilter="0">
                          <RECT Top="0" Right="0" Bottom="0" Left="0"></RECT>
                        </CTrueColorToGrayEx>
                      </CProcessImage>
                      <CProcessImage processType="2">
                        <CGrayToBinaryEx>
                          <vecBinaryParam>
                            <BINARYPARAM nBlockNum="10" nMethod="7" />
                            <BINARYPARAM nBlockNum="1" nMethod="6" />
                          </vecBinaryParam>
                          
                          <RECT Left="0" Top="0" Right="0" Bottom="0" />
                        </CGrayToBinaryEx>
                      </CProcessImage>
                    </vecProcessImage>
                  </CLocateMethod>
                  <CLocateMethod nLocateMethod="1">
                    <vecProcessImage>
                      <CProcessImage processType="1">
                        <CTrueColorToGrayEx nFilter="0">
                          <RECT Top="0" Right="0" Bottom="0" Left="0"></RECT>
                        </CTrueColorToGrayEx>
                      </CProcessImage>
                      <CProcessImage processType="2">
                        <CGrayToBinaryEx>
                          <vecBinaryParam>
                            <BINARYPARAM nBlockNum="10" nMethod="7" />
                            <BINARYPARAM nBlockNum="1" nMethod="1" />
                          </vecBinaryParam>
                          
                          <RECT Left="0" Top="0" Right="0" Bottom="0" />
                        </CGrayToBinaryEx>
                      </CProcessImage>
                    </vecProcessImage>
                  </CLocateMethod>
                  <CLocateMethod nLocateMethod="1">
                    <vecProcessImage>
                      <CProcessImage processType="1">
                        <CTrueColorToGrayEx nFilter="0">
                          <RECT Top="0" Right="0" Bottom="0" Left="0"></RECT>
                        </CTrueColorToGrayEx>
                      </CProcessImage>
                      <CProcessImage processType="2">
                        <CGrayToBinaryEx>
                          <vecBinaryParam>
                            <BINARYPARAM nBlockNum="1" nMethod="3" />
                          </vecBinaryParam>
                          
                          <RECT Left="0" Top="0" Right="0" Bottom="0" />
                        </CGrayToBinaryEx>
                      </CProcessImage>
                    </vecProcessImage>
                  </CLocateMethod>
                  <CLocateMethod nLocateMethod="1">
                    <vecProcessImage>
                      <CProcessImage processType="1">
                        <CTrueColorToGrayEx nFilter="0">
                          <RECT Top="0" Right="0" Bottom="0" Left="0"></RECT>
                        </CTrueColorToGrayEx>
                      </CProcessImage>
                      <CProcessImage processType="2">
                        <CGrayToBinaryEx>
                          <vecBinaryParam>
                            <BINARYPARAM nBlockNum="1" nMethod="5" />
                          </vecBinaryParam>
                          
                          <RECT Left="0" Top="0" Right="0" Bottom="0" />
                        </CGrayToBinaryEx>
                      </CProcessImage>
                    </vecProcessImage>
                  </CLocateMethod>
                </vecCLocateMethod>
              </CLocateInfo>
              <vecKernal>
                
                
                <CKernalInfo kernalMainType="1" nKernalSubType="6" nFilterType="0" nFillingMethod="1" strFilterPlus="" nRecogType="1" nRecogImgeType="0">
                  <vecCharRatio>
                    <CCharRatio strChars="" charType="0" nWHRatio="60" />
                  </vecCharRatio>
                </CKernalInfo>
              </vecKernal>
            </CRecogInfo>
            
            <vecRecogUnit>
              <CRecogUnit nIndex="10" bLocate="0" bRecog="0"></CRecogUnit>
            </vecRecogUnit>
            
            <vecLineKeyWord></vecLineKeyWord>
            <vecCLocateAnchor>
              <CLocateAnchor nDisToAnchor="0" nAnchorIndex="2" anchorType="3" />
            </vecCLocateAnchor>
          </CLine>
          <CLine nIndex="0" bStartOffset="0" bEndOffset="1" bExist="1" bNeedRecog="1" nCheckKeyWord="0">

            <RECT Left="0" Top="0" Right="0" Bottom="0" />
            <CRecogInfo bIgnorePoint="0" nMaxPointWidth="0" nMaxPointHeight="0" bMatchRegExp="1" charOrder="[\D\C&lt;]{9}\D\C[\C&lt;]{2}\D{2}[\D&lt;]{4}\D{1}[MF&lt;]\D{7}[\D\C&lt;]{14}[\D&lt;]\D" bConfirmParams="0">
              <CLocateInfo bEraseStart="0" nMinWHRatio="0" nMaxWHRatio="130" nSplitWHRatio="2000" bSplit="0" nNumType="0" bSpace="0" bWidth="0" bHeight="0" bRemoveLineNoise="0" nMinElementNum="44" nMaxElementNum="44" nMinWidth="70" nMaxWidth="220" nMinHeight="175" nMaxHeight="380" nMinSpace="0" nMaxSpace="140" bPostProcess="1">
                <vecCLocateMethod>
                  <CLocateMethod nLocateMethod="1">
                    <vecProcessImage>
                      <CProcessImage processType="1">
                        <CTrueColorToGrayEx nFilter="0">
                          <RECT Top="0" Right="0" Bottom="0" Left="0"></RECT>
                        </CTrueColorToGrayEx>
                      </CProcessImage>
                      <CProcessImage processType="2">
                        <CGrayToBinaryEx>
                          <vecBinaryParam>
                            <BINARYPARAM nBlockNum="1" nMethod="6" />
                          </vecBinaryParam>
                          
                          <RECT Left="0" Top="0" Right="0" Bottom="0" />
                        </CGrayToBinaryEx>
                      </CProcessImage>
                    </vecProcessImage>
                  </CLocateMethod>
                  <CLocateMethod nLocateMethod="1">
                    <vecProcessImage>
                      <CProcessImage processType="1">
                        <CTrueColorToGrayEx nFilter="0">
                          <RECT Top="0" Right="0" Bottom="0" Left="0"></RECT>
                        </CTrueColorToGrayEx>
                      </CProcessImage>
                      <CProcessImage processType="2">
                        <CGrayToBinaryEx>
                          <vecBinaryParam>
                            <BINARYPARAM nBlockNum="10" nMethod="7" />
                            <BINARYPARAM nBlockNum="1" nMethod="1" />
                          </vecBinaryParam>
                          
                          <RECT Left="0" Top="0" Right="0" Bottom="0" />
                        </CGrayToBinaryEx>
                      </CProcessImage>
                    </vecProcessImage>
                  </CLocateMethod>
                  <CLocateMethod nLocateMethod="1">
                    <vecProcessImage>
                      <CProcessImage processType="1">
                        <CTrueColorToGrayEx nFilter="0">
                          <RECT Top="0" Right="0" Bottom="0" Left="0"></RECT>
                        </CTrueColorToGrayEx>
                      </CProcessImage>
                      <CProcessImage processType="2">
                        <CGrayToBinaryEx>
                          <vecBinaryParam>
                            <BINARYPARAM nBlockNum="1" nMethod="3" />
                          </vecBinaryParam>
                          
                          <RECT Left="0" Top="0" Right="0" Bottom="0" />
                        </CGrayToBinaryEx>
                      </CProcessImage>
                    </vecProcessImage>
                  </CLocateMethod>
                  <CLocateMethod nLocateMethod="1">
                    <vecProcessImage>
                      <CProcessImage processType="1">
                        <CTrueColorToGrayEx nFilter="0">
                          <RECT Top="0" Right="0" Bottom="0" Left="0"></RECT>
                        </CTrueColorToGrayEx>
                      </CProcessImage>
                      <CProcessImage processType="2">
                        <CGrayToBinaryEx>
                          <vecBinaryParam>
                            <BINARYPARAM nBlockNum="1" nMethod="5" />
                          </vecBinaryParam>
                          
                          <RECT Left="0" Top="0" Right="0" Bottom="0" />
                        </CGrayToBinaryEx>
                      </CProcessImage>
                    </vecProcessImage>
                  </CLocateMethod>
                </vecCLocateMethod>
              </CLocateInfo>
              <vecKernal>
                <CKernalInfo kernalMainType="1" nKernalSubType="6" nFilterType="0" nFillingMethod="1" strFilterPlus="" nRecogType="1" nRecogImgeType="0">
                  <vecCharRatio>
                    <CCharRatio strChars="" charType="0" nWHRatio="60" />
                  </vecCharRatio>
                </CKernalInfo>
              </vecKernal>
            </CRecogInfo>
            
            <vecRecogUnit>
              <CRecogUnit nIndex="11" bLocate="0" bRecog="0"></CRecogUnit>
            </vecRecogUnit>
            
            <vecLineKeyWord></vecLineKeyWord>
            <vecCLocateAnchor></vecCLocateAnchor>
          </CLine>
        </vecLine>
      </CRegion>
      <CRegion nIndex="2" nRegionType="1" nProcessOrder="2">
            
            <vecImageLightType>
              
              <LIGHTTYPE>2</LIGHTTYPE>
              <LIGHTTYPE>1</LIGHTTYPE>
            </vecImageLightType>
            <CLocateRegion bAccurateLocate="0">
              <vecProcessImage></vecProcessImage>
             
              <RECT Left="9900" Top="9900" Right="0" Bottom="0" />
              <vecAnchorLocateInfo>
                
                <CAnchorLocateInfo nAnchorIndex="0" nDisToAnchor="2843" anchorType="1" />
                <CAnchorLocateInfo nAnchorIndex="0" nDisToAnchor="6576" anchorType="2" />
                <CAnchorLocateInfo nAnchorIndex="2" nDisToAnchor="-5560" anchorType="3" />
                <CAnchorLocateInfo nAnchorIndex="0" nDisToAnchor="2656" anchorType="3" />
                <CAnchorLocateInfo nAnchorIndex="2" nDisToAnchor="-4847" anchorType="4" />
                <CAnchorLocateInfo nAnchorIndex="0" nDisToAnchor="3384" anchorType="4" />
              </vecAnchorLocateInfo>
              
              <vecCLocateAnchor></vecCLocateAnchor>
            </CLocateRegion>
            <CLocateLine>
              
              <RECT Left="0" Top="0" Right="100" Bottom="100" />
              
              <RECT Left="0" Top="0" Right="80" Bottom="100" />
              <CLocateInfo bEraseStart="0" nMinWHRatio="0" nMaxWHRatio="160" nSplitWHRatio="2000" bSplit="0" nNumType="0" bSpace="0" bWidth="0" bHeight="0" bRemoveLineNoise="0" nMinElementNum="1" nMaxElementNum="1" nMinWidth="1150" nMaxWidth="7000" nMinHeight="260" nMaxHeight="400" nMinSpace="200" nMaxSpace="600" bPostProcess="0">
                <vecCLocateMethod>
                  <CLocateMethod nLocateMethod="1">
                    <vecProcessImage>
                      <CProcessImage processType="1">
                        <CTrueColorToGrayEx nFilter="0">
                          <RECT Top="0" Right="0" Bottom="0" Left="0" />
                        </CTrueColorToGrayEx>
                      </CProcessImage>
                      <CProcessImage processType="2">
                        <CGrayToBinaryEx>
                          <vecBinaryParam>
                            <BINARYPARAM nBlockNum="1" nMethod="6" />
                          </vecBinaryParam>
                          
                          <RECT Left="0" Top="0" Right="0" Bottom="0" />
                        </CGrayToBinaryEx>
                      </CProcessImage>
                    </vecProcessImage>
                  </CLocateMethod>
                </vecCLocateMethod>
              </CLocateInfo>
              <positionPlus nLeftPlus="-50" nRightPlus="50" nTopPlus="-50" nBottomPlus="50" />
            </CLocateLine>
            <vecLine>
              <CLine nIndex="0" bStartOffset="1" bEndOffset="0" bExist="1" bNeedRecog="1" nCheckKeyWord="0">
             
                <RECT Left="0" Top="0" Right="0" Bottom="0" />
                <CRecogInfo bIgnorePoint="0" nMaxPointWidth="0" nMaxPointHeight="0" bMatchRegExp="0" charOrder="" bConfirmParams="0">
                 <CLocateInfo bEraseStart="0" nMinWHRatio="0" nMaxWHRatio="150" nSplitWHRatio="2000" bSplit="0" nNumType="0" bSpace="0" bWidth="0" bHeight="0" bRemoveLineNoise="0" nMinElementNum="2" nMaxElementNum="-1" nMinWidth="80" nMaxWidth="450" nMinHeight="140" nMaxHeight="400" nMinSpace="50" nMaxSpace="300" bPostProcess="0">
                    <vecCLocateMethod>
                      <CLocateMethod nLocateMethod="1">
                        <vecProcessImage>
                          <CProcessImage processType="1">
                            <CTrueColorToGrayEx nFilter="0">
                              <RECT Top="0" Right="0" Bottom="0" Left="0"></RECT>
                            </CTrueColorToGrayEx>
                          </CProcessImage>
                          <CProcessImage processType="2">
                            <CGrayToBinaryEx>
                              <vecBinaryParam>
                                <BINARYPARAM nBlockNum="1" nMethod="3" />
                              </vecBinaryParam>
                              
                              <RECT Left="0" Top="0" Right="0" Bottom="0" />
                            </CGrayToBinaryEx>
                          </CProcessImage>
                        </vecProcessImage>
                      </CLocateMethod>
                    </vecCLocateMethod>
                  </CLocateInfo>
                  <vecKernal>
                    
                    
                    <CKernalInfo kernalMainType="1" nKernalSubType="7" nFilterType="1" nFillingMethod="1" strFilterPlus="" nRecogType="1" nRecogImgeType="0">
                      <vecCharRatio>
                        <CCharRatio strChars="" charType="1" nWHRatio="110" />
                        <CCharRatio strChars="" charType="3" nWHRatio="60" />
                        <CCharRatio strChars="/" charType="10" nWHRatio="50" />
                      </vecCharRatio>
                    </CKernalInfo>
                  </vecKernal>
                </CRecogInfo>
                
                <vecRecogUnit>
                  <CRecogUnit nIndex="2" bLocate="1" bRecog="1">
                    <CLocateRecogUnit nStartIndexInChar="0" nEndIndexInChar="-1" bStart="1" bEnd="0">
                      <vecAnchorLocateInfo>
                        <CAnchorLocateInfo nDisToAnchor="0" nAnchorIndex="3" anchorType="2" />
                        <CAnchorLocateInfo nDisToAnchor="4463" nAnchorIndex="0" anchorType="2" />
                      </vecAnchorLocateInfo>
                    </CLocateRecogUnit>
                    <CRecogInfo bIgnorePoint="0" nMaxPointWidth="0" nMaxPointHeight="0" bMatchRegExp="0" charOrder="\S{2,-1}" bConfirmParams="0">
                      <CLocateInfo bEraseStart="0" nMinWHRatio="0" nMaxWHRatio="150" nSplitWHRatio="2000" bSplit="0" nNumType="0" bSpace="0" bWidth="0" bHeight="0" bRemoveLineNoise="0" nMinElementNum="2" nMaxElementNum="-1" nMinWidth="170" nMaxWidth="350" nMinHeight="300" nMaxHeight="460" nMinSpace="40" nMaxSpace="110" bPostProcess="1">
                        <vecCLocateMethod>
                          <CLocateMethod nLocateMethod="1">
                            <vecProcessImage>
                              <CProcessImage processType="1">
                                <CTrueColorToGrayEx nFilter="0">
                                  <RECT Top="0" Right="0" Bottom="0" Left="0"></RECT>
                                </CTrueColorToGrayEx>
                              </CProcessImage>
                              <CProcessImage processType="2">
                                <CGrayToBinaryEx>
                                  <vecBinaryParam>
                                    <BINARYPARAM nBlockNum="1" nMethod="6" />
                                  </vecBinaryParam>
                                  
                                  <RECT Left="0" Top="0" Right="0" Bottom="0" />
                                </CGrayToBinaryEx>
                              </CProcessImage>
                            </vecProcessImage>
                          </CLocateMethod>
                          <CLocateMethod nLocateMethod="1">
                            <vecProcessImage>
                              <CProcessImage processType="1">
                                <CTrueColorToGrayEx nFilter="0">
                                  <RECT Top="0" Right="0" Bottom="0" Left="0"></RECT>
                                </CTrueColorToGrayEx>
                              </CProcessImage>
                              <CProcessImage processType="2">
                                <CGrayToBinaryEx>
                                  <vecBinaryParam>
                                    <BINARYPARAM nBlockNum="1" nMethod="3" />
                                  </vecBinaryParam>
                                  
                                  <RECT Left="0" Top="0" Right="0" Bottom="0" />
                                </CGrayToBinaryEx>
                              </CProcessImage>
                            </vecProcessImage>
                          </CLocateMethod>
                        </vecCLocateMethod>
                      </CLocateInfo>
                      <vecKernal>
                        <CKernalInfo kernalMainType="1" nKernalSubType="7" nFilterType="1" nFillingMethod="1" strFilterPlus="" nRecogType="1" nRecogImgeType="0">
                          <vecCharRatio>
                            <CCharRatio strChars="" charType="1" nWHRatio="110" />
                          </vecCharRatio>
                        </CKernalInfo>
                      </vecKernal>
                    </CRecogInfo>
                  </CRecogUnit>
                </vecRecogUnit>
                <vecLineKeyWord>
                  <CKeyWord content="/" nConfirmType="1" nMinWidth="0" nMaxWidth="0" nMinHeight="0" nMaxHeight="0">
                    <vecCLocateAnchor>
                      <CLocateAnchor nDisToAnchor="0" nAnchorIndex="3" anchorType="1" />
                    </vecCLocateAnchor>
                  </CKeyWord>
                </vecLineKeyWord>
                <vecCLocateAnchor></vecCLocateAnchor>
              </CLine>
            </vecLine>
          </CRegion>
      <CRegion nIndex="3" nRegionType="1" nProcessOrder="3">
            
            <vecImageLightType>
              
              <LIGHTTYPE>2</LIGHTTYPE>
              <LIGHTTYPE>1</LIGHTTYPE>
            </vecImageLightType>
            
            
            <CLocateRegion bAccurateLocate="0">
              <vecProcessImage></vecProcessImage>
             
              <RECT Left="9900" Top="9900" Right="0" Bottom="0" />
              <vecAnchorLocateInfo>
                
                <CAnchorLocateInfo nAnchorIndex="0" nDisToAnchor="5562" anchorType="1" />
                <CAnchorLocateInfo nAnchorIndex="0" nDisToAnchor="8500" anchorType="2" />
                <CAnchorLocateInfo nAnchorIndex="2" nDisToAnchor="-3901" anchorType="3" />
                <CAnchorLocateInfo nAnchorIndex="0" nDisToAnchor="3145" anchorType="3" />
                <CAnchorLocateInfo nAnchorIndex="2" nDisToAnchor="-3195" anchorType="4" />
                <CAnchorLocateInfo nAnchorIndex="0" nDisToAnchor="5058" anchorType="4" />
              </vecAnchorLocateInfo>
              
              <vecCLocateAnchor></vecCLocateAnchor>
            </CLocateRegion>
            <CLocateLine>
              
              <RECT Left="0" Top="0" Right="100" Bottom="100" />
              
              <RECT Left="0" Top="0" Right="80" Bottom="100" />
              <CLocateInfo bEraseStart="0" nMinWHRatio="0" nMaxWHRatio="160" nSplitWHRatio="2000" bSplit="0" nNumType="0" bSpace="0" bWidth="0" bHeight="0" bRemoveLineNoise="0" nMinElementNum="1" nMaxElementNum="1" nMinWidth="1150" nMaxWidth="7000" nMinHeight="260" nMaxHeight="400" nMinSpace="200" nMaxSpace="600" bPostProcess="0">
                <vecCLocateMethod>
                  <CLocateMethod nLocateMethod="1">
                    <vecProcessImage>
                      <CProcessImage processType="1">
                        <CTrueColorToGrayEx nFilter="0">
                          <RECT Top="0" Right="0" Bottom="0" Left="0" />
                        </CTrueColorToGrayEx>
                      </CProcessImage>
                      <CProcessImage processType="2">
                        <CGrayToBinaryEx>
                          <vecBinaryParam>
                            <BINARYPARAM nBlockNum="1" nMethod="6" />
                          </vecBinaryParam>
                          
                          <RECT Left="0" Top="0" Right="0" Bottom="0" />
                        </CGrayToBinaryEx>
                      </CProcessImage>
                    </vecProcessImage>
                  </CLocateMethod>
                </vecCLocateMethod>
              </CLocateInfo>
              
							
              <positionPlus nLeftPlus="-50" nRightPlus="50" nTopPlus="-50" nBottomPlus="50" />
            </CLocateLine>
            <vecLine>
              <CLine nIndex="0" bStartOffset="1" bEndOffset="0" bExist="1" bNeedRecog="1" nCheckKeyWord="0">
                <RECT Left="0" Top="0" Right="0" Bottom="0" />
                <CRecogInfo bIgnorePoint="0" nMaxPointWidth="0" nMaxPointHeight="0" bMatchRegExp="0" charOrder="" bConfirmParams="0">
                  <CLocateInfo bEraseStart="0" nMinWHRatio="0" nMaxWHRatio="150" nSplitWHRatio="2000" bSplit="0" nNumType="0" bSpace="0" bWidth="0" bHeight="0" bRemoveLineNoise="0" nMinElementNum="2" nMaxElementNum="-1" nMinWidth="80" nMaxWidth="450" nMinHeight="140" nMaxHeight="400" nMinSpace="50" nMaxSpace="300" bPostProcess="0">
                    <vecCLocateMethod>
                      <CLocateMethod nLocateMethod="1">
                        <vecProcessImage>
                          <CProcessImage processType="1">
                            <CTrueColorToGrayEx nFilter="0">
                              <RECT Top="0" Right="0" Bottom="0" Left="0"></RECT>
                            </CTrueColorToGrayEx>
                          </CProcessImage>
                          <CProcessImage processType="2">
                            <CGrayToBinaryEx>
                              <vecBinaryParam>
                                <BINARYPARAM nBlockNum="1" nMethod="6" />
                              </vecBinaryParam>
                              
                              <RECT Left="0" Top="0" Right="0" Bottom="0" />
                            </CGrayToBinaryEx>
                          </CProcessImage>
                        </vecProcessImage>
                      </CLocateMethod>
                    </vecCLocateMethod>
                  </CLocateInfo>
                  <vecKernal>
                    
                    
                    <CKernalInfo kernalMainType="1" nKernalSubType="7" nFilterType="1" nFillingMethod="1" strFilterPlus="" nRecogType="1" nRecogImgeType="0">
                      <vecCharRatio>
                        <CCharRatio strChars="" charType="1" nWHRatio="110" />
                        <CCharRatio strChars="" charType="3" nWHRatio="60" />
                        <CCharRatio strChars="/" charType="10" nWHRatio="50" />
                      </vecCharRatio>
                    </CKernalInfo>
                  </vecKernal>
                </CRecogInfo>
                
                <vecRecogUnit>
                  <CRecogUnit nIndex="14" bLocate="1" bRecog="1">
                    <CLocateRecogUnit nStartIndexInChar="0" nEndIndexInChar="-1" bStart="1" bEnd="0">
                      <vecAnchorLocateInfo>
                        <CAnchorLocateInfo nDisToAnchor="0" nAnchorIndex="4" anchorType="2" />
                        <CAnchorLocateInfo nDisToAnchor="6578" nAnchorIndex="0" anchorType="2" />
                      </vecAnchorLocateInfo>
                    </CLocateRecogUnit>
                    <CRecogInfo bIgnorePoint="0" nMaxPointWidth="0" nMaxPointHeight="0" bMatchRegExp="0" charOrder="\S{2,-1}" bConfirmParams="0">
                      <CLocateInfo bEraseStart="0" nMinWHRatio="0" nMaxWHRatio="150" nSplitWHRatio="2000" bSplit="0" nNumType="0" bSpace="0" bWidth="0" bHeight="0" bRemoveLineNoise="0" nMinElementNum="2" nMaxElementNum="-1" nMinWidth="170" nMaxWidth="350" nMinHeight="300" nMaxHeight="460" nMinSpace="40" nMaxSpace="110" bPostProcess="1">
                        <vecCLocateMethod>
                          <CLocateMethod nLocateMethod="1">
                            <vecProcessImage>
                              <CProcessImage processType="1">
                                <CTrueColorToGrayEx nFilter="0">
                                  <RECT Top="0" Right="0" Bottom="0" Left="0"></RECT>
                                </CTrueColorToGrayEx>
                              </CProcessImage>
                              <CProcessImage processType="2">
                                <CGrayToBinaryEx>
                                  <vecBinaryParam>
                                    <BINARYPARAM nBlockNum="1" nMethod="6" />
                                  </vecBinaryParam>
                                  
                                  <RECT Left="0" Top="0" Right="0" Bottom="0" />
                                </CGrayToBinaryEx>
                              </CProcessImage>
                            </vecProcessImage>
                          </CLocateMethod>
                          <CLocateMethod nLocateMethod="1">
                            <vecProcessImage>
                              <CProcessImage processType="1">
                                <CTrueColorToGrayEx nFilter="0">
                                  <RECT Top="0" Right="0" Bottom="0" Left="0"></RECT>
                                </CTrueColorToGrayEx>
                              </CProcessImage>
                              <CProcessImage processType="2">
                                <CGrayToBinaryEx>
                                  <vecBinaryParam>
                                    <BINARYPARAM nBlockNum="1" nMethod="3" />
                                  </vecBinaryParam>
                                  
                                  <RECT Left="0" Top="0" Right="0" Bottom="0" />
                                </CGrayToBinaryEx>
                              </CProcessImage>
                            </vecProcessImage>
                          </CLocateMethod>
                        </vecCLocateMethod>
                      </CLocateInfo>
                      <vecKernal>
                        <CKernalInfo kernalMainType="1" nKernalSubType="7" nFilterType="1" nFillingMethod="1" strFilterPlus="" nRecogType="1" nRecogImgeType="0">
                          <vecCharRatio>
                            <CCharRatio strChars="" charType="1" nWHRatio="110" />
                          </vecCharRatio>
                        </CKernalInfo>
                      </vecKernal>
                    </CRecogInfo>
                  </CRecogUnit>
                </vecRecogUnit>
                
                <vecLineKeyWord>
                  <CKeyWord content="/" nConfirmType="1" nMinWidth="0" nMaxWidth="0" nMinHeight="0" nMaxHeight="0">
                    <vecCLocateAnchor>
                      <CLocateAnchor nDisToAnchor="0" nAnchorIndex="4" anchorType="1" />
                    </vecCLocateAnchor>
                  </CKeyWord>
                </vecLineKeyWord>
                <vecCLocateAnchor></vecCLocateAnchor>
              </CLine>
            </vecLine>
          </CRegion>
      <CRegion nIndex="4" nRegionType="1" nProcessOrder="4">
            
            <vecImageLightType>
              
              <LIGHTTYPE>2</LIGHTTYPE>
              <LIGHTTYPE>1</LIGHTTYPE>
            </vecImageLightType>
            
            
            <CLocateRegion bAccurateLocate="0">
              <vecProcessImage></vecProcessImage>
             
              <RECT Left="9900" Top="9900" Right="0" Bottom="0" />
              <vecAnchorLocateInfo>
                
                <CAnchorLocateInfo nAnchorIndex="0" nDisToAnchor="2834" anchorType="1" />
                <CAnchorLocateInfo nAnchorIndex="0" nDisToAnchor="5562" anchorType="2" />
                <CAnchorLocateInfo nAnchorIndex="2" nDisToAnchor="-2995" anchorType="3" />
                <CAnchorLocateInfo nAnchorIndex="0" nDisToAnchor="5240" anchorType="3" />
                <CAnchorLocateInfo nAnchorIndex="2" nDisToAnchor="-2278" anchorType="4" />
                <CAnchorLocateInfo nAnchorIndex="0" nDisToAnchor="5975" anchorType="4" />
              </vecAnchorLocateInfo>
              
              <vecCLocateAnchor></vecCLocateAnchor>
            </CLocateRegion>
            <CLocateLine>
              
              <RECT Left="0" Top="0" Right="100" Bottom="100" />
              
              <RECT Left="0" Top="0" Right="80" Bottom="100" />
              <CLocateInfo bEraseStart="0" nMinWHRatio="0" nMaxWHRatio="160" nSplitWHRatio="2000" bSplit="0" nNumType="0" bSpace="0" bWidth="0" bHeight="0" bRemoveLineNoise="0" nMinElementNum="1" nMaxElementNum="1" nMinWidth="1150" nMaxWidth="7000" nMinHeight="260" nMaxHeight="400" nMinSpace="200" nMaxSpace="600" bPostProcess="0">
                <vecCLocateMethod>
                  <CLocateMethod nLocateMethod="1">
                    <vecProcessImage>
                      <CProcessImage processType="1">
                        <CTrueColorToGrayEx nFilter="0">
                          <RECT Top="0" Right="0" Bottom="0" Left="0" />
                        </CTrueColorToGrayEx>
                      </CProcessImage>
                      <CProcessImage processType="2">
                        <CGrayToBinaryEx>
                          <vecBinaryParam>
                            <BINARYPARAM nBlockNum="1" nMethod="6" />
                          </vecBinaryParam>
                          
                          <RECT Left="0" Top="0" Right="0" Bottom="0" />
                        </CGrayToBinaryEx>
                      </CProcessImage>
                    </vecProcessImage>
                  </CLocateMethod>
                </vecCLocateMethod>
              </CLocateInfo>
              
							
              <positionPlus nLeftPlus="-50" nRightPlus="50" nTopPlus="-50" nBottomPlus="50" />
            </CLocateLine>
            <vecLine>
              <CLine nIndex="0" bStartOffset="1" bEndOffset="0" bExist="1" bNeedRecog="1" nCheckKeyWord="0">
        
                <RECT Left="0" Top="0" Right="0" Bottom="0" />
                <CRecogInfo bIgnorePoint="0" nMaxPointWidth="0" nMaxPointHeight="0" bMatchRegExp="1" charOrder="\D{2}\C{3}\D{4}" bConfirmParams="0">
                  <CLocateInfo bEraseStart="0" nMinWHRatio="0" nMaxWHRatio="90" nSplitWHRatio="2000" bSplit="0" nNumType="0" bSpace="0" bWidth="0" bHeight="0" bRemoveLineNoise="0" nMinElementNum="9" nMaxElementNum="9" nMinWidth="80" nMaxWidth="230" nMinHeight="140" nMaxHeight="400" nMinSpace="50" nMaxSpace="300" bPostProcess="0">
                    <vecCLocateMethod>
                      <CLocateMethod nLocateMethod="1">
                        <vecProcessImage>
                          <CProcessImage processType="1">
                            <CTrueColorToGrayEx nFilter="0">
                              <RECT Top="0" Right="0" Bottom="0" Left="0"></RECT>
                            </CTrueColorToGrayEx>
                          </CProcessImage>
                          <CProcessImage processType="2">
                            <CGrayToBinaryEx>
                              <vecBinaryParam>
                                <BINARYPARAM nBlockNum="1" nMethod="6" />
                              </vecBinaryParam>
                              
                              <RECT Left="0" Top="0" Right="0" Bottom="0" />
                            </CGrayToBinaryEx>
                          </CProcessImage>
                        </vecProcessImage>
                      </CLocateMethod>
                    </vecCLocateMethod>
                  </CLocateInfo>
                  <vecKernal>
                    
                    
                    <CKernalInfo kernalMainType="1" nKernalSubType="7" nFilterType="1" nFillingMethod="1" strFilterPlus="" nRecogType="1" nRecogImgeType="0">
                      <vecCharRatio>
                        <CCharRatio strChars="" charType="2" nWHRatio="60" />
                        <CCharRatio strChars="" charType="3" nWHRatio="60" />
                      </vecCharRatio>
                    </CKernalInfo>
                  </vecKernal>
                </CRecogInfo>
                
                <vecRecogUnit>
                  <CRecogUnit nIndex="16" bLocate="0" bRecog="0">
                  </CRecogUnit>
                </vecRecogUnit>
                
                <vecLineKeyWord></vecLineKeyWord>
                <vecCLocateAnchor></vecCLocateAnchor>
              </CLine>
            </vecLine>
          </CRegion>
      <CRegion nIndex="5" nRegionType="1" nProcessOrder="5">
            
            <vecImageLightType>
              
              <LIGHTTYPE>2</LIGHTTYPE>
              <LIGHTTYPE>1</LIGHTTYPE>
            </vecImageLightType>
            
            
            <CLocateRegion bAccurateLocate="0">
              <vecProcessImage></vecProcessImage>
             
              <RECT Left="9900" Top="9900" Right="0" Bottom="0" />
              <vecAnchorLocateInfo>
                
                <CAnchorLocateInfo nAnchorIndex="0" nDisToAnchor="2834" anchorType="1" />
                <CAnchorLocateInfo nAnchorIndex="0" nDisToAnchor="7000" anchorType="2" />
                <CAnchorLocateInfo nAnchorIndex="2" nDisToAnchor="-2132" anchorType="3" />
                <CAnchorLocateInfo nAnchorIndex="0" nDisToAnchor="6035" anchorType="3" />
                <CAnchorLocateInfo nAnchorIndex="2" nDisToAnchor="-1317" anchorType="4" />
                <CAnchorLocateInfo nAnchorIndex="0" nDisToAnchor="6935" anchorType="4" />
              </vecAnchorLocateInfo>
              
              <vecCLocateAnchor></vecCLocateAnchor>
            </CLocateRegion>
            <CLocateLine>
              
              <RECT Left="0" Top="0" Right="100" Bottom="100" />
              
              <RECT Left="0" Top="0" Right="80" Bottom="100" />
              <CLocateInfo bEraseStart="0" nMinWHRatio="0" nMaxWHRatio="160" nSplitWHRatio="2000" bSplit="0" nNumType="0" bSpace="0" bWidth="0" bHeight="0" bRemoveLineNoise="0" nMinElementNum="1" nMaxElementNum="1" nMinWidth="1150" nMaxWidth="7000" nMinHeight="260" nMaxHeight="400" nMinSpace="200" nMaxSpace="600" bPostProcess="0">
                <vecCLocateMethod>
                  <CLocateMethod nLocateMethod="1">
                    <vecProcessImage>
                      <CProcessImage processType="1">
                        <CTrueColorToGrayEx nFilter="0">
                          <RECT Top="0" Right="0" Bottom="0" Left="0" />
                        </CTrueColorToGrayEx>
                      </CProcessImage>
                      <CProcessImage processType="2">
                        <CGrayToBinaryEx>
                          <vecBinaryParam>
                            <BINARYPARAM nBlockNum="1" nMethod="6" />
                          </vecBinaryParam>
                          
                          <RECT Left="0" Top="0" Right="0" Bottom="0" />
                        </CGrayToBinaryEx>
                      </CProcessImage>
                    </vecProcessImage>
                  </CLocateMethod>
                </vecCLocateMethod>
              </CLocateInfo>
              <positionPlus nLeftPlus="-50" nRightPlus="50" nTopPlus="-50" nBottomPlus="50" />
            </CLocateLine>
            <vecLine>
              <CLine nIndex="0" bStartOffset="1" bEndOffset="0" bExist="1" bNeedRecog="1" nCheckKeyWord="0">
         
                <RECT Left="0" Top="0" Right="0" Bottom="0" />
                <CRecogInfo bIgnorePoint="0" nMaxPointWidth="0" nMaxPointHeight="0" bMatchRegExp="1" charOrder="中华人民共和国\S{2}海事局" bConfirmParams="0">
                  <CLocateInfo bEraseStart="0" nMinWHRatio="0" nMaxWHRatio="130" nSplitWHRatio="2000" bSplit="0" nNumType="0" bSpace="0" bWidth="0" bHeight="0" bRemoveLineNoise="0" nMinElementNum="12" nMaxElementNum="12" nMinWidth="150" nMaxWidth="350" nMinHeight="140" nMaxHeight="400" nMinSpace="50" nMaxSpace="300" bPostProcess="0">
                    <vecCLocateMethod>
                      <CLocateMethod nLocateMethod="1">
                        <vecProcessImage>
                          <CProcessImage processType="1">
                            <CTrueColorToGrayEx nFilter="0">
                              <RECT Top="0" Right="0" Bottom="0" Left="0"></RECT>
                            </CTrueColorToGrayEx>
                          </CProcessImage>
                          <CProcessImage processType="2">
                            <CGrayToBinaryEx>
                              <vecBinaryParam>
                                <BINARYPARAM nBlockNum="1" nMethod="6" />
                              </vecBinaryParam>
                              
                              <RECT Left="0" Top="0" Right="0" Bottom="0" />
                            </CGrayToBinaryEx>
                          </CProcessImage>
                        </vecProcessImage>
                      </CLocateMethod>
                    </vecCLocateMethod>
                  </CLocateInfo>
                  <vecKernal>
                    <CKernalInfo kernalMainType="1" nKernalSubType="7" nFilterType="1" nFillingMethod="1" strFilterPlus="" nRecogType="1" nRecogImgeType="0">
                          <vecCharRatio>
                            <CCharRatio strChars="" charType="1" nWHRatio="110" />
                          </vecCharRatio>
                        </CKernalInfo>
                  </vecKernal>
                </CRecogInfo>
                
                <vecRecogUnit>
                  <CRecogUnit nIndex="15" bLocate="0" bRecog="0">
                  </CRecogUnit>
                </vecRecogUnit>
                
                <vecLineKeyWord></vecLineKeyWord>
                <vecCLocateAnchor></vecCLocateAnchor>
              </CLine>
            </vecLine>
          </CRegion>
              
    </vecRegion>
    <vecDeriveUnit>
      <CDeriveUnit nEndCharIndex="1" nSrcRecogUnitIndex="10" nIndex="0" nStartCharIndex="0" />
      <CDeriveUnit nEndCharIndex="8" nSrcRecogUnitIndex="11" nIndex="1" nStartCharIndex="0" />
      <CDeriveUnit nEndCharIndex="-1" nSrcRecogUnitIndex="10" nIndex="3" nStartCharIndex="5">
        <vecFlagFind>
          <CFlagFind nPosType="1" nFindType="1" bStart="0" nStartIndex="0" strFlag="\C" nNum="1" nIndexPlus="0" />
        </vecFlagFind>
      </CDeriveUnit>
      <CDeriveUnit nEndCharIndex="20" nSrcRecogUnitIndex="11" nIndex="4" nStartCharIndex="20" />
      <CDeriveUnit nEndCharIndex="18" nSrcRecogUnitIndex="11" nIndex="5" nStartCharIndex="13" />
      <CDeriveUnit nEndCharIndex="26" nSrcRecogUnitIndex="11" nIndex="6" nStartCharIndex="21" />
      <CDeriveUnit nEndCharIndex="4" nSrcRecogUnitIndex="10" nIndex="7" nStartCharIndex="2" />
      <CDeriveUnit nEndCharIndex="-1" nSrcRecogUnitIndex="10" nIndex="8" nStartCharIndex="5">
        <vecFlagFind>
          <CFlagFind nPosType="1" nFindType="0" bStart="1" nStartIndex="5" strFlag="&lt;&lt;" nNum="1" nIndexPlus="-1" />
        </vecFlagFind>
      </CDeriveUnit>
      <CDeriveUnit nEndCharIndex="-1" nSrcRecogUnitIndex="10" nIndex="9" nStartCharIndex="-1">
        <vecFlagFind>
          <CFlagFind nPosType="0" nFindType="0" bStart="1" nStartIndex="5" strFlag="&lt;&lt;" nNum="1" nIndexPlus="2" />
          <CFlagFind nPosType="1" nFindType="1" bStart="0" nStartIndex="0" strFlag="\C" nNum="1" nIndexPlus="0" />
        </vecFlagFind>
      </CDeriveUnit>
      <CDeriveUnit nEndCharIndex="12" nSrcRecogUnitIndex="11" nIndex="12" nStartCharIndex="10" />
       <CDeriveUnit nEndCharIndex="8" nSrcRecogUnitIndex="11" nIndex="13" nStartCharIndex="0" />
    </vecDeriveUnit>
    <vecAnchor>
      <CAnchor nIndex="0" anchorPos="-1" anchorType="0" bEnable="0" nMinPos="-1" nMaxPos="-1" />
      <CAnchor nIndex="1" anchorPos="-1" anchorType="2" bEnable="0" nMinPos="-1" nMaxPos="-1" />
      <CAnchor nIndex="2" anchorPos="-1" anchorType="3" bEnable="0" nMinPos="-1" nMaxPos="-1" />
      <CAnchor nIndex="3" anchorPos="-1" anchorType="1" bEnable="0" nMinPos="-1" nMaxPos="-1" />
      <CAnchor nIndex="4" anchorPos="-1" anchorType="1" bEnable="0" nMinPos="-1" nMaxPos="-1" />
    </vecAnchor>
     <vecOutPutResult>
      <COutPutResult nIndex="0" cellRecogType="20" cellNameEng="Certificate type" cellName="证件类型" nOutputThreshold="0" nOutputNumber="0" bFormatResult="1">
      <CFormatInfo strDefault="" strInFormat="" strOutFormat="">
          <vecCReplaceChar>
            <CReplaceChar newChar="" oldChar="&lt;"></CReplaceChar>
          </vecCReplaceChar>
        </CFormatInfo>
      </COutPutResult>
      <COutPutResult nIndex="1" cellRecogType="20" cellNameEng="Seaman's certificate number MRZ" cellName="海员证号码MRZ" nOutputThreshold="0" nOutputNumber="0" bFormatResult="1">
        <CFormatInfo strDefault="" strInFormat="" strOutFormat="">
          <vecCReplaceChar>
            <CReplaceChar newChar="" oldChar="&lt;"></CReplaceChar>
          </vecCReplaceChar>
        </CFormatInfo>
      </COutPutResult>
      <COutPutResult nIndex="2" cellRecogType="20" cellNameEng="National name" cellName="本国姓名" nOutputThreshold="0" nOutputNumber="0" bFormatResult="1" >    
       <CFormatInfo strDefault="" strInFormat="" strOutFormat="">
          <vecCReplaceChar>
            <CReplaceChar newChar=" " oldChar="&lt;"></CReplaceChar>
          </vecCReplaceChar>
        </CFormatInfo>
      </COutPutResult>
      <COutPutResult nIndex="3" cellRecogType="20" cellNameEng="English name" cellName="英文姓名" nOutputThreshold="0" nOutputNumber="0" bFormatResult="1">
        <CFormatInfo strDefault="" strInFormat="" strOutFormat="">
          <vecCReplaceChar>
            <CReplaceChar newChar=" " oldChar="&lt;"></CReplaceChar>
          </vecCReplaceChar>
        </CFormatInfo>
      </COutPutResult>
      <COutPutResult nIndex="4" cellRecogType="1" cellNameEng="Sex" cellName="性别" nOutputThreshold="0" nOutputNumber="0" bFormatResult="1">
        <CFormatInfo strDefault="" strInFormat="" strOutFormat="">
          <vecCReplaceChar>
            <CReplaceChar newChar="男" oldChar="M"></CReplaceChar>
            <CReplaceChar newChar="女" oldChar="F"></CReplaceChar>
          </vecCReplaceChar>
        </CFormatInfo>
      </COutPutResult>
      <COutPutResult nIndex="5" cellRecogType="3" cellNameEng="Date of birth" cellName="出生日期" nOutputThreshold="0" nOutputNumber="0" bFormatResult="1">
        <CFormatInfo strDefault="" strInFormat="YYMMDD" strOutFormat="YYYY-MM-DD" />
      </COutPutResult>
      <COutPutResult nIndex="6" cellRecogType="5" cellNameEng="Date of expiry" cellName="有效期至" nOutputThreshold="0" nOutputNumber="0" bFormatResult="1">
        <CFormatInfo strDefault="" strInFormat="YYMMDD" strOutFormat="YYYY-MM-DD" />
      </COutPutResult>
      <COutPutResult nIndex="7" cellRecogType="20" cellNameEng="Issuing country code" cellName="签发国代码" nOutputThreshold="0" nOutputNumber="0" bFormatResult="1">
        <CFormatInfo strDefault="" strInFormat="" strOutFormat="">
          <vecCReplaceChar>
            <CReplaceChar newChar="" oldChar="&lt;"></CReplaceChar>
          </vecCReplaceChar>
        </CFormatInfo>
      </COutPutResult>
      <COutPutResult nIndex="8" cellRecogType="20" cellNameEng="English surname" cellName="英文姓" nOutputThreshold="0" nOutputNumber="0" bFormatResult="1">
        <CFormatInfo strDefault="" strInFormat="" strOutFormat="">
          <vecCReplaceChar>
            <CReplaceChar newChar=" " oldChar="&lt;"></CReplaceChar>
          </vecCReplaceChar>
        </CFormatInfo>
      </COutPutResult>
      <COutPutResult nIndex="9" cellRecogType="20" cellNameEng="English first name" cellName="英文名" nOutputThreshold="0" nOutputNumber="0" bFormatResult="1">
        <CFormatInfo strDefault="" strInFormat="" strOutFormat="">
          <vecCReplaceChar>
            <CReplaceChar newChar=" " oldChar="&lt;"></CReplaceChar>
          </vecCReplaceChar>
        </CFormatInfo>
      </COutPutResult>
      <COutPutResult nIndex="10" cellRecogType="8" cellNameEng="MRZ1" cellName="MRZ1" nOutputThreshold="0" nOutputNumber="0" bFormatResult="0" bMainField="1"/>
      <COutPutResult nIndex="11" cellRecogType="9" cellNameEng="MRZ2" cellName="MRZ2" nOutputThreshold="0" nOutputNumber="0" bFormatResult="0" bMainField="1" />
      <COutPutResult nIndex="12" cellRecogType="20" cellNameEng="Nationality code" cellName="持证人国籍代码" nOutputThreshold="0" nOutputNumber="0" bFormatResult="1">
        <CFormatInfo strDefault="" strInFormat="" strOutFormat="">
          <vecCReplaceChar>
            <CReplaceChar newChar="" oldChar="&lt;"></CReplaceChar>
          </vecCReplaceChar>
        </CFormatInfo>
      </COutPutResult>
      <COutPutResult nIndex="13" cellRecogType="20" cellNameEng="Seaman's certificate number" cellName="海员证号码" nOutputThreshold="0" nOutputNumber="0" bFormatResult="1" >
      <CFormatInfo strDefault="" strInFormat="" strOutFormat="">
          <vecCReplaceChar>
            <CReplaceChar newChar="" oldChar="&lt;"></CReplaceChar>
          </vecCReplaceChar>
        </CFormatInfo>
      </COutPutResult>
      <COutPutResult nIndex="14" cellRecogType="12" cellNameEng="Place of birth" cellName="出生地点" nOutputThreshold="0" nOutputNumber="0" bFormatResult="1" >
       <CFormatInfo strDefault="" strInFormat="" strOutFormat="">
          <vecCReplaceChar>
            <CReplaceChar newChar="天津" oldChar="夭津"></CReplaceChar>
            <CReplaceChar newChar="内蒙古" oldChar="丙蒙古"></CReplaceChar>
          </vecCReplaceChar>
        </CFormatInfo>
      </COutPutResult>
      <COutPutResult nIndex="15" cellRecogType="20" cellNameEng="Issuing authority" cellName="签发机关" nOutputThreshold="0" nOutputNumber="0" bFormatResult="0"/>
      <COutPutResult nIndex="16" cellRecogType="4" cellNameEng="Date of Issue" cellName="签发日期" nOutputThreshold="0" nOutputNumber="0" bFormatResult="1">
        <CFormatInfo strDefault="" strInFormat="DDMMMYYYY" strOutFormat="YYYY-MM-DD" />
      </COutPutResult>
  </vecOutPutResult>
    <vecMergeUnit>     
     <CMergeUnit nDestUnitIndex="5" nDestUnitType="4" nSrcUnitIndex="5" nSrcUnitType="4" strSrc="2017" strDest="" nProcessPos="-1" bMeet="1" bSynchronous="0" nOperateType="19"/>
  </vecMergeUnit>
    <vecSubTemplate>
 </vecSubTemplate>
  </CIDCardTemplate> 
 
  </IDCARD>