<?xml version="1.0" encoding="utf-8"?>
<!DOCTYPE IDCARD SYSTEM "IDCARD.dtd">
<IDCARD>
  <CIDCardTemplate nMainDocumentID="2001" chDocumentName="马来西亚身份证-照片页" engDocumentName="Malaysia Identity Card Portrait Page" imageSizeType="2">
    <vecAutoProcess>
	    <vecProcessMode nMode="0"> 
            <CAutoProcess processType="25">
			  <PerspectiveTransformEx nType="99" nWidth="896" nHeight="569"/> 
			</CAutoProcess>			
		</vecProcessMode>
        <vecProcessMode nMode="1"> 
			<!--CAutoProcess processType="23">
			  <CIDCardAutoProcessEx2 nCropType="4" nMaxAngle="0.3" nMinAngle="0.017" nFilledType="1" bIs180Rotate="0" bIsValid="0"  bSameSize="1"/> 
			</CAutoProcess-->  
			<CAutoProcess processType="24">
			  <PerspectiveTransform nType="3" bIs180Rotate="0" bIsValid="1" nWidth="896" nHeight="569"/> 
			</CAutoProcess>  
		</vecProcessMode>
    </vecAutoProcess>
	
    <vecProcessImage>
      <CProcessImage processType="3">
        <CEraseBlackBorderEx>
          <RECT Left="0" Top="0" Right="10000" Bottom="10000" />
          <RECT Left="2000" Top="2000" Right="8900" Bottom="8000" />
        </CEraseBlackBorderEx>
      </CProcessImage>
    </vecProcessImage>
    <vecRegion>
      <CRegion nIndex="0" nRegionType="0" nProcessOrder="0">
        <vecImageLightType>
          <LIGHTTYPE>1</LIGHTTYPE>
        </vecImageLightType>
        <CLocateRegion bAccurateLocate="1">
          <vecProcessImage>
            <CProcessImage processType="1">
              <CTrueColorToGrayEx nFilter="0">
                <RECT Top="0" Right="0" Bottom="0" Left="0" />
              </CTrueColorToGrayEx>
            </CProcessImage>
          </vecProcessImage>
          <RECT Left="6831" Top="2551" Right="9335" Bottom="8361" />
          <vecAnchorLocateInfo>
            <CAnchorLocateInfo nAnchorIndex="0" nDisToAnchor="6599" anchorType="1" />
            <CAnchorLocateInfo nAnchorIndex="0" nDisToAnchor="9629" anchorType="2" />
            <CAnchorLocateInfo nAnchorIndex="0" nDisToAnchor="2283" anchorType="3" />
            <CAnchorLocateInfo nAnchorIndex="0" nDisToAnchor="8461" anchorType="4" />
          </vecAnchorLocateInfo>
          <vecCLocateAnchor>
           <CLocateAnchor nDisToAnchor="0" nAnchorIndex="1" anchorType="4" />
          </vecCLocateAnchor>
        </CLocateRegion>
      </CRegion>
      <CRegion nIndex="1" nRegionType="1" nProcessOrder="1"> <!--身份证号-->
        
        <vecImageLightType>
          
          <LIGHTTYPE>2</LIGHTTYPE>
          <LIGHTTYPE>1</LIGHTTYPE>
        </vecImageLightType>
        <CLocateRegion bAccurateLocate="0">
          <vecProcessImage></vecProcessImage>
         
          <RECT Left="9999" Top="9999" Right="0" Bottom="0" />
          <vecAnchorLocateInfo>
            
            <CAnchorLocateInfo nAnchorIndex="0" nDisToAnchor="139" anchorType="1" />
            <CAnchorLocateInfo nAnchorIndex="0" nDisToAnchor="4760" anchorType="2" />
            <CAnchorLocateInfo nAnchorIndex="0" nDisToAnchor="1428" anchorType="3" />
            <CAnchorLocateInfo nAnchorIndex="0" nDisToAnchor="3516" anchorType="4" />
          </vecAnchorLocateInfo>
          
          <vecCLocateAnchor></vecCLocateAnchor>
        </CLocateRegion>
        <CLocateLine>
          
          <RECT Left="0" Top="0" Right="100" Bottom="100" />
          
          <RECT Left="5" Top="15" Right="80" Bottom="90" />
          <CLocateInfo bEraseStart="0" nMinWHRatio="0" nMaxWHRatio="160" nSplitWHRatio="2000" bSplit="0" nNumType="0" bSpace="0" bWidth="0" bHeight="0" bRemoveLineNoise="0" nMinElementNum="1" nMaxElementNum="1" nMinWidth="1000" nMaxWidth="4400" nMinHeight="400" nMaxHeight="870" nMinSpace="80" nMaxSpace="300" bPostProcess="0">
            <vecCLocateMethod>
              <CLocateMethod nLocateMethod="0">
                
                <vecProcessImage>
                  <CProcessImage processType="1">
                    <CTrueColorToGrayEx nFilter="0">
                      <RECT Top="0" Right="0" Bottom="0" Left="0" />
                    </CTrueColorToGrayEx>
                  </CProcessImage>
                </vecProcessImage>
              </CLocateMethod>
              <CLocateMethod nLocateMethod="1">
                <vecProcessImage>
                  <CProcessImage processType="1">
                    <CTrueColorToGrayEx nFilter="0">
                      <RECT Top="0" Right="0" Bottom="0" Left="0" />
                    </CTrueColorToGrayEx>
                  </CProcessImage>
                  <CProcessImage processType="2">
                    <CGrayToBinaryEx>
                      <vecBinaryParam>
                        <BINARYPARAM nBlockNum="1" nMethod="3" />
                      </vecBinaryParam>
                      
                      <RECT Left="0" Top="0" Right="0" Bottom="0" />
                    </CGrayToBinaryEx>
                  </CProcessImage>
                </vecProcessImage>
              </CLocateMethod>
            </vecCLocateMethod>
          </CLocateInfo>
          <positionPlus nLeftPlus="-160" nRightPlus="200" nTopPlus="-120" nBottomPlus="100" />
        </CLocateLine>
        <vecLine>
         <CLine nIndex="0" bStartOffset="0" bEndOffset="1" bExist="1" bNeedRecog="1" nCheckKeyWord="0">
         
            <RECT Left="0" Top="0" Right="0" Bottom="0" />
            <CRecogInfo bIgnorePoint="1" nMaxPointWidth="50" nMaxPointHeight="50" bMatchRegExp="1" charOrder="\D{6}-\D{2}-\D{4}" bConfirmParams="0">
              <CLocateInfo bEraseStart="0" nMinWHRatio="0" nMaxWHRatio="100" nSplitWHRatio="2000" bSplit="0" nNumType="0" bSpace="0" bWidth="0" bHeight="0" bRemoveLineNoise="0" nMinElementNum="14" nMaxElementNum="14" nMinWidth="90" nMaxWidth="300" nMinHeight="80" nMaxHeight="600" nMinSpace="0" nMaxSpace="150" bPostProcess="1">
                <vecCLocateMethod>

                 <CLocateMethod nLocateMethod="1">
					<vecProcessImage>
					  <CProcessImage processType="1">
						<CTrueColorToGrayEx nFilter="0">
						  <RECT Top="0" Right="0" Bottom="0" Left="0"></RECT>
						</CTrueColorToGrayEx>
					  </CProcessImage>
					  <CProcessImage processType="2">
						<CGrayToBinaryEx>
						  <vecBinaryParam>
							<BINARYPARAM nBlockNum="1" nMethod="3" />
							<BINARYPARAM nBlockNum="2" nMethod="8" />
						  </vecBinaryParam>
						  <RECT Left="0" Top="0" Right="0" Bottom="0" />
						</CGrayToBinaryEx>
					  </CProcessImage>
					</vecProcessImage>
				  </CLocateMethod>
				 <CLocateMethod nLocateMethod="1">
					<vecProcessImage>
					  <CProcessImage processType="1">
						<CTrueColorToGrayEx nFilter="0">
						  <RECT Top="0" Right="0" Bottom="0" Left="0"></RECT>
						</CTrueColorToGrayEx>
					  </CProcessImage>
					  <CProcessImage processType="2">
						<CGrayToBinaryEx>
						  <vecBinaryParam>
							<BINARYPARAM nBlockNum="1" nMethod="8" />
							<BINARYPARAM nBlockNum="2" nMethod="5" />
						  </vecBinaryParam>
						  
						  <RECT Left="0" Top="0" Right="0" Bottom="0" />
						</CGrayToBinaryEx>
					  </CProcessImage>
					</vecProcessImage>
				  </CLocateMethod> 
                </vecCLocateMethod>
              </CLocateInfo>
              <vecKernal>
                <CKernalInfo kernalMainType="1" nKernalSubType="11" nFilterType="2" nFillingMethod="1" strFilterPlus="" nRecogType="1" nRecogImgeType="0">
                  <vecCharRatio>
                    <CCharRatio strChars="" charType="2" nWHRatio="65" />
                    <CCharRatio strChars="-" charType="10" nWHRatio="200" />
                  </vecCharRatio>
                </CKernalInfo>
                <CKernalInfo kernalMainType="1" nKernalSubType="10" nFilterType="6" nFillingMethod="1" strFilterPlus="" nRecogType="1" nRecogImgeType="0">
                  <vecCharRatio>
                    <CCharRatio strChars="" charType="2" nWHRatio="65" />
                    <CCharRatio strChars="-" charType="10" nWHRatio="200" />
                  </vecCharRatio>
                </CKernalInfo>				
              </vecKernal>
            </CRecogInfo>
            <vecRecogUnit>
              <CRecogUnit nIndex="1" bLocate="0" bRecog="0">
               
              </CRecogUnit>
            </vecRecogUnit>
          <vecCLocateAnchor>
              <CLocateAnchor nDisToAnchor="0" nAnchorIndex="2" anchorType="4" />
            </vecCLocateAnchor>
          </CLine>
        </vecLine>
      </CRegion>
		<CRegion nIndex="2" nRegionType="1" nProcessOrder="2"> <!--姓名-->
		<vecImageLightType>
		  <LIGHTTYPE>2</LIGHTTYPE>
		  <LIGHTTYPE>1</LIGHTTYPE>
		</vecImageLightType>
		<CLocateRegion bAccurateLocate="0">
		  <vecProcessImage></vecProcessImage>
		  <RECT Left="9999" Top="9999" Right="0" Bottom="0" />
		  <vecAnchorLocateInfo>
			<CAnchorLocateInfo nAnchorIndex="0" nDisToAnchor="100" anchorType="1" />
			<CAnchorLocateInfo nAnchorIndex="0" nDisToAnchor="6630" anchorType="2" />
			<CAnchorLocateInfo nAnchorIndex="2" nDisToAnchor="2830" anchorType="3" />
			<CAnchorLocateInfo nAnchorIndex="0" nDisToAnchor="5909" anchorType="3" />
			<CAnchorLocateInfo nAnchorIndex="0" nDisToAnchor="7390" anchorType="4" />
		  </vecAnchorLocateInfo>
		  
		  <vecCLocateAnchor></vecCLocateAnchor>
		</CLocateRegion>
		<CLocateLine>
		  
		  <RECT Left="0" Top="0" Right="100" Bottom="100" />
		  
		  <RECT Left="5" Top="0" Right="55" Bottom="100" />
		  <CLocateInfo bEraseStart="0" nMinWHRatio="0" nMaxWHRatio="160" nSplitWHRatio="2000" bSplit="0" nNumType="0" bSpace="0" bWidth="0" bHeight="0" bRemoveLineNoise="0" nMinElementNum="1" nMaxElementNum="1" nMinWidth="500" nMaxWidth="4700" nMinHeight="220" nMaxHeight="600" nMinSpace="30" nMaxSpace="1800" bPostProcess="0">
			<vecCLocateMethod>
			  <CLocateMethod nLocateMethod="0">
				
				<vecProcessImage>
				  <CProcessImage processType="1">
					<CTrueColorToGrayEx nFilter="0">
					  <RECT Top="0" Right="0" Bottom="0" Left="0" />
					</CTrueColorToGrayEx>
				  </CProcessImage>
				</vecProcessImage>
			  </CLocateMethod>
			  <CLocateMethod nLocateMethod="1">
				<vecProcessImage>
				  <CProcessImage processType="1">
					<CTrueColorToGrayEx nFilter="0">
					  <RECT Top="0" Right="0" Bottom="0" Left="0"></RECT>
					</CTrueColorToGrayEx>
				  </CProcessImage>
				  <CProcessImage processType="2">
					<CGrayToBinaryEx>
					  <vecBinaryParam>
						<BINARYPARAM nBlockNum="1" nMethod="3" />
						<BINARYPARAM nBlockNum="2" nMethod="7" />
					  </vecBinaryParam>
					  <RECT Left="0" Top="0" Right="0" Bottom="0" />
					</CGrayToBinaryEx>
				  </CProcessImage>
				</vecProcessImage>
			  </CLocateMethod>
			</vecCLocateMethod>
		  </CLocateInfo>
		  <positionPlus nLeftPlus="-120" nRightPlus="200" nTopPlus="-50" nBottomPlus="100" />
		</CLocateLine>
		<vecLine>
		  <CLine nIndex="0" bStartOffset="1" bEndOffset="0" bExist="1" bNeedRecog="1" nCheckKeyWord="0" >
		
			<RECT Left="0" Top="0" Right="0" Bottom="0" />
			 <CRecogInfo bIgnorePoint="0" nMaxPointWidth="0" nMaxPointHeight="0" bMatchRegExp="1" charOrder="\C{4,-1}" bConfirmParams="0">
			  <CLocateInfo bEraseStart="0" nMinWHRatio="0" nMaxWHRatio="200" nSplitWHRatio="2000" bSplit="0" nNumType="0" bSpace="0" bWidth="0" bHeight="0" bRemoveLineNoise="0" nMinElementNum="4" nMaxElementNum="-1" nMinWidth="20" nMaxWidth="320" nMinHeight="200" nMaxHeight="500" nMinSpace="0" nMaxSpace="200" bPostProcess="1">
				<vecCLocateMethod>
				  <CLocateMethod nLocateMethod="1">
					<vecProcessImage>
					  <CProcessImage processType="1">
						<CTrueColorToGrayEx nFilter="0">
						  <RECT Top="0" Right="0" Bottom="0" Left="0"></RECT>
						</CTrueColorToGrayEx>
					  </CProcessImage>
					  <CProcessImage processType="2">
						<CGrayToBinaryEx>
						  <vecBinaryParam>
							<BINARYPARAM nBlockNum="1" nMethod="3" />
							<BINARYPARAM nBlockNum="2" nMethod="8" />
						  </vecBinaryParam>
						  <RECT Left="0" Top="0" Right="0" Bottom="0" />
						</CGrayToBinaryEx>
					  </CProcessImage>
					</vecProcessImage>
				  </CLocateMethod>
				<CLocateMethod nLocateMethod="1">
					<vecProcessImage>
					  <CProcessImage processType="1">
						<CTrueColorToGrayEx nFilter="0">
						  <RECT Top="0" Right="0" Bottom="0" Left="0"></RECT>
						</CTrueColorToGrayEx>
					  </CProcessImage>
					  <CProcessImage processType="2">
						<CGrayToBinaryEx>
						  <vecBinaryParam>
							<BINARYPARAM nBlockNum="1" nMethod="8" />
							<BINARYPARAM nBlockNum="2" nMethod="5" />
						  </vecBinaryParam>
						  
						  <RECT Left="0" Top="0" Right="0" Bottom="0" />
						</CGrayToBinaryEx>
					  </CProcessImage>
					</vecProcessImage>
				  </CLocateMethod>
				
				</vecCLocateMethod>
			  </CLocateInfo>
			  <vecKernal>
				
				
				<CKernalInfo kernalMainType="1" nKernalSubType="7" nFilterType="256" nFillingMethod="1" strFilterPlus="" nRecogType="1" nRecogImgeType="0">
				  <vecCharRatio>
					<CCharRatio strChars="" charType="3" nWHRatio="85" />
				  <CCharRatio strChars="I" charType="10" nWHRatio="40" />
				  </vecCharRatio>
				</CKernalInfo>
				 <CKernalInfo kernalMainType="1" nKernalSubType="10" nFilterType="4" nFillingMethod="1" strFilterPlus="" nRecogType="1" nRecogImgeType="0">
				  <vecCharRatio>
					<CCharRatio strChars="" charType="3" nWHRatio="85" />
					 <CCharRatio strChars="I" charType="10" nWHRatio="40" />
				  </vecCharRatio>
				</CKernalInfo>
			  </vecKernal>
			</CRecogInfo>
			<vecRecogUnit>
			  <CRecogUnit nIndex="2" bLocate="0" bRecog="0">
			  <vecCInsertChar>
				  <CInsertChar nCharPos="0" strInsert=" " nMinSpace="70" nMaxSpce="140" nInsertType="0" />
				</vecCInsertChar>
			   </CRecogUnit>
			</vecRecogUnit>
		  </CLine>
		</vecLine>
		</CRegion>
      <CRegion nIndex="3" nRegionType="1" nProcessOrder="3">  <!--地址-->
        
        <vecImageLightType>
          <LIGHTTYPE>2</LIGHTTYPE>
          <LIGHTTYPE>1</LIGHTTYPE>
        </vecImageLightType>
        <CLocateRegion bAccurateLocate="0">
          <vecProcessImage></vecProcessImage>
          <RECT Left="9999" Top="9999" Right="0" Bottom="0" />
          <vecAnchorLocateInfo>
            
            <CAnchorLocateInfo nAnchorIndex="0" nDisToAnchor="130" anchorType="1" />
            <CAnchorLocateInfo nAnchorIndex="0" nDisToAnchor="6530" anchorType="2" />
            <CAnchorLocateInfo nAnchorIndex="2" nDisToAnchor="4383" anchorType="3" />
            <CAnchorLocateInfo nAnchorIndex="0" nDisToAnchor="7130" anchorType="3" />
            <CAnchorLocateInfo nAnchorIndex="0" nDisToAnchor="9880" anchorType="4" />
          </vecAnchorLocateInfo>
          
          <vecCLocateAnchor></vecCLocateAnchor>
        </CLocateRegion>
        <CLocateLine>
          
          <RECT Left="0" Top="0" Right="100" Bottom="100" />
          
          <RECT Left="0" Top="0" Right="30" Bottom="100" />
          <CLocateInfo bEraseStart="0" nMinWHRatio="0" nMaxWHRatio="900" nSplitWHRatio="2000" bSplit="0" nNumType="0" bSpace="0" bWidth="0" bHeight="0" bRemoveLineNoise="0" nMinElementNum="4" nMaxElementNum="5" nMinWidth="180" nMaxWidth="4700" nMinHeight="170" nMaxHeight="600" nMinSpace="20" nMaxSpace="1800" bPostProcess="0">
            <vecCLocateMethod>
              <CLocateMethod nLocateMethod="0">
                
                <vecProcessImage>
                  <CProcessImage processType="1">
                    <CTrueColorToGrayEx nFilter="0">
                      <RECT Top="0" Right="0" Bottom="0" Left="0" />
                    </CTrueColorToGrayEx>
                  </CProcessImage>
                </vecProcessImage>
              </CLocateMethod>
              <CLocateMethod nLocateMethod="1">
                <vecProcessImage>
                  <CProcessImage processType="1">
                    <CTrueColorToGrayEx nFilter="0">
                      <RECT Top="0" Right="0" Bottom="0" Left="0"></RECT>
                    </CTrueColorToGrayEx>
                  </CProcessImage>
                  <CProcessImage processType="2">
                    <CGrayToBinaryEx>
                      <vecBinaryParam>
                        <BINARYPARAM nBlockNum="1" nMethod="3" />
                        <BINARYPARAM nBlockNum="2" nMethod="7" />
                      </vecBinaryParam>
                      
                      <RECT Left="0" Top="0" Right="0" Bottom="0" />
                    </CGrayToBinaryEx>
                  </CProcessImage>
                </vecProcessImage>
              </CLocateMethod>
            </vecCLocateMethod>
          </CLocateInfo>	
          <positionPlus nLeftPlus="-120" nRightPlus="200" nTopPlus="-50" nBottomPlus="100" />
        </CLocateLine>
        <vecLine>
          <CLine nIndex="0" bStartOffset="1" bEndOffset="0" bExist="1" bNeedRecog="1" nCheckKeyWord="0">
        
            <RECT Left="0" Top="0" Right="0" Bottom="0" />
             <CRecogInfo bIgnorePoint="0" nMaxPointWidth="0" nMaxPointHeight="0" bMatchRegExp="1" charOrder="\D{1,-1}" bConfirmParams="0">
              <CLocateInfo bEraseStart="0" nMinWHRatio="0" nMaxWHRatio="135" nSplitWHRatio="2000" bSplit="0" nNumType="0" bSpace="0" bWidth="0" bHeight="0" bRemoveLineNoise="0" nMinElementNum="2" nMaxElementNum="-1" nMinWidth="50" nMaxWidth="310" nMinHeight="170" nMaxHeight="450" nMinSpace="0" nMaxSpace="200" bPostProcess="1">
                <vecCLocateMethod>
                  <CLocateMethod nLocateMethod="1">
                    <vecProcessImage>
                      <CProcessImage processType="1">
                        <CTrueColorToGrayEx nFilter="0">
                          <RECT Top="0" Right="0" Bottom="0" Left="0"></RECT>
                        </CTrueColorToGrayEx>
                      </CProcessImage>
                      <CProcessImage processType="2">
                        <CGrayToBinaryEx>
                          <vecBinaryParam>
                            <BINARYPARAM nBlockNum="1" nMethod="8" />
                            <BINARYPARAM nBlockNum="1" nMethod="3" />
                          </vecBinaryParam>
                          
                          <RECT Left="0" Top="0" Right="0" Bottom="0" />
                        </CGrayToBinaryEx>
                      </CProcessImage>
                    </vecProcessImage>
                  </CLocateMethod>
                </vecCLocateMethod>
              </CLocateInfo>
              <vecKernal>
                <CKernalInfo kernalMainType="1" nKernalSubType="7" nFilterType="256" nFillingMethod="1" strFilterPlus="" nRecogType="1" nRecogImgeType="0">
                  <vecCharRatio>
                    <CCharRatio strChars="" charType="3" nWHRatio="80" />
                    <CCharRatio strChars="-" charType="10" nWHRatio="200" />
                    <CCharRatio strChars="I" charType="10" nWHRatio="30" />
                  </vecCharRatio>
                </CKernalInfo>
                <CKernalInfo kernalMainType="1" nKernalSubType="7" nFilterType="256" nFillingMethod="1" strFilterPlus="" nRecogType="1" nRecogImgeType="0">
                  <vecCharRatio>
                  <CCharRatio strChars="" charType="2" nWHRatio="65" />
                    <CCharRatio strChars="" charType="3" nWHRatio="80" />
                    <CCharRatio strChars="I" charType="10" nWHRatio="30" />
                  </vecCharRatio>
                </CKernalInfo>
                 <CKernalInfo kernalMainType="1" nKernalSubType="10" nFilterType="4" nFillingMethod="1" strFilterPlus="" nRecogType="1" nRecogImgeType="0">
                  <vecCharRatio>
                    <CCharRatio strChars="" charType="3" nWHRatio="80" />
                    <CCharRatio strChars="I" charType="10" nWHRatio="30" />
                  </vecCharRatio>
                </CKernalInfo>
              </vecKernal>
            </CRecogInfo>
            <vecRecogUnit>
              <CRecogUnit nIndex="6" bLocate="0" bRecog="0">
              <vecCInsertChar>
                  <CInsertChar nCharPos="0" strInsert=" " nMinSpace="70" nMaxSpce="140" nInsertType="0" />
                  <CInsertChar nCharPos="-1" strInsert=" " nMinSpace="0" nMaxSpce="0" nInsertType="2" />
                </vecCInsertChar>
                </CRecogUnit>
            </vecRecogUnit>
          </CLine>
		<CLine nIndex="1" bStartOffset="1" bEndOffset="0" bExist="1" bNeedRecog="1" nCheckKeyWord="0">
        
            <RECT Left="0" Top="0" Right="0" Bottom="0" />
             <CRecogInfo bIgnorePoint="0" nMaxPointWidth="0" nMaxPointHeight="0" bMatchRegExp="1" charOrder="\C{1,-1}\D{1,-1}" bConfirmParams="0">
              <CLocateInfo bEraseStart="0" nMinWHRatio="0" nMaxWHRatio="200" nSplitWHRatio="2000" bSplit="0" nNumType="0" bSpace="0" bWidth="0" bHeight="0" bRemoveLineNoise="0" nMinElementNum="4" nMaxElementNum="-1" nMinWidth="20" nMaxWidth="300" nMinHeight="200" nMaxHeight="500" nMinSpace="0" nMaxSpace="200" bPostProcess="1">
                <vecCLocateMethod>
                  <CLocateMethod nLocateMethod="1">
                    <vecProcessImage>
                      <CProcessImage processType="1">
                        <CTrueColorToGrayEx nFilter="0">
                          <RECT Top="0" Right="0" Bottom="0" Left="0"></RECT>
                        </CTrueColorToGrayEx>
                      </CProcessImage>
                      <CProcessImage processType="2">
                        <CGrayToBinaryEx>
                          <vecBinaryParam>
                            <BINARYPARAM nBlockNum="1" nMethod="1" />
                            <BINARYPARAM nBlockNum="2" nMethod="3" />
                          </vecBinaryParam>
                          
                          <RECT Left="0" Top="0" Right="0" Bottom="0" />
                        </CGrayToBinaryEx>
                      </CProcessImage>
                    </vecProcessImage>
                  </CLocateMethod>
                </vecCLocateMethod>
              </CLocateInfo>
              <vecKernal>
                
                
                <CKernalInfo kernalMainType="1" nKernalSubType="7" nFilterType="256" nFillingMethod="1" strFilterPlus="" nRecogType="1" nRecogImgeType="0">
                  <vecCharRatio>
					<CCharRatio strChars="" charType="2" nWHRatio="65" />
                    <CCharRatio strChars="" charType="3" nWHRatio="80" />
                     <CCharRatio strChars="I" charType="10" nWHRatio="40" />
                    <CCharRatio strChars="-" charType="10" nWHRatio="200" />
                  </vecCharRatio>
                </CKernalInfo>
                 <CKernalInfo kernalMainType="1" nKernalSubType="10" nFilterType="4" nFillingMethod="1" strFilterPlus="" nRecogType="1" nRecogImgeType="0">
                  <vecCharRatio>
					  <CCharRatio strChars="" charType="2" nWHRatio="65" />
                    <CCharRatio strChars="" charType="3" nWHRatio="80" />
                    <CCharRatio strChars="I" charType="10" nWHRatio="40" />
                  </vecCharRatio>
                </CKernalInfo>
                <CKernalInfo kernalMainType="1" nKernalSubType="7" nFilterType="256" nFillingMethod="1" strFilterPlus="" nRecogType="1" nRecogImgeType="0">
                  <vecCharRatio>
                  <CCharRatio strChars="" charType="2" nWHRatio="65" />
                    <CCharRatio strChars="" charType="3" nWHRatio="80" />
                    <CCharRatio strChars="I" charType="10" nWHRatio="30" />
                  </vecCharRatio>
                </CKernalInfo>
              </vecKernal>
            </CRecogInfo>
            
            <vecRecogUnit>
              <CRecogUnit nIndex="6" bLocate="0" bRecog="0">
				<vecCInsertChar>
                  <CInsertChar nCharPos="0" strInsert=" " nMinSpace="70" nMaxSpce="140" nInsertType="0" />
                  <CInsertChar nCharPos="-1" strInsert=" " nMinSpace="0" nMaxSpce="0" nInsertType="2" />
                </vecCInsertChar>  
                </CRecogUnit>
            </vecRecogUnit>
          </CLine>
		<CLine nIndex="2" bStartOffset="1" bEndOffset="0" bExist="1" bNeedRecog="1" nCheckKeyWord="0">
         
            <RECT Left="0" Top="0" Right="0" Bottom="0" />
             <CRecogInfo bIgnorePoint="0" nMaxPointWidth="0" nMaxPointHeight="0" bMatchRegExp="1" charOrder="\C{4,-1}" bConfirmParams="0">
              <CLocateInfo bEraseStart="0" nMinWHRatio="0" nMaxWHRatio="200" nSplitWHRatio="2000" bSplit="0" nNumType="0" bSpace="0" bWidth="0" bHeight="0" bRemoveLineNoise="0" nMinElementNum="4" nMaxElementNum="-1" nMinWidth="10" nMaxWidth="260" nMinHeight="200" nMaxHeight="500" nMinSpace="0" nMaxSpace="200" bPostProcess="1">
                <vecCLocateMethod>
                  <CLocateMethod nLocateMethod="1">
                    <vecProcessImage>
                      <CProcessImage processType="1">
                        <CTrueColorToGrayEx nFilter="0">
                          <RECT Top="0" Right="0" Bottom="0" Left="0"></RECT>
                        </CTrueColorToGrayEx>
                      </CProcessImage>
                      <CProcessImage processType="2">
                        <CGrayToBinaryEx>
                          <vecBinaryParam>
                            <BINARYPARAM nBlockNum="1" nMethod="8" />
                            <BINARYPARAM nBlockNum="1" nMethod="3" />
                          </vecBinaryParam>
                          
                          <RECT Left="0" Top="0" Right="0" Bottom="0" />
                        </CGrayToBinaryEx>
                      </CProcessImage>
                    </vecProcessImage>
                  </CLocateMethod>
                </vecCLocateMethod>
              </CLocateInfo>
              <vecKernal>
                <CKernalInfo kernalMainType="1" nKernalSubType="7" nFilterType="256" nFillingMethod="1" strFilterPlus="" nRecogType="1" nRecogImgeType="0">
                  <vecCharRatio>
                    <CCharRatio strChars="" charType="3" nWHRatio="80" />
                    <CCharRatio strChars="I" charType="10" nWHRatio="40" />
                    <CCharRatio strChars="-" charType="10" nWHRatio="200" />
                  </vecCharRatio>
                </CKernalInfo>
                 <CKernalInfo kernalMainType="1" nKernalSubType="10" nFilterType="4" nFillingMethod="1" strFilterPlus="" nRecogType="1" nRecogImgeType="0">
                  <vecCharRatio>
                    <CCharRatio strChars="" charType="3" nWHRatio="65" />
                    <CCharRatio strChars="I" charType="10" nWHRatio="40" />
                  </vecCharRatio>
                </CKernalInfo>
                <CKernalInfo kernalMainType="1" nKernalSubType="7" nFilterType="256" nFillingMethod="1" strFilterPlus="" nRecogType="1" nRecogImgeType="0">
                  <vecCharRatio>
                  <CCharRatio strChars="" charType="2" nWHRatio="65" />
                    <CCharRatio strChars="" charType="3" nWHRatio="80" />
                    <CCharRatio strChars="I" charType="10" nWHRatio="30" />
                  </vecCharRatio>
                </CKernalInfo>
              </vecKernal>
            </CRecogInfo>
            
            <vecRecogUnit>
              <CRecogUnit nIndex="6" bLocate="0" bRecog="0">
              <vecCInsertChar>
                  <CInsertChar nCharPos="0" strInsert=" " nMinSpace="70" nMaxSpce="140" nInsertType="0" />
                  <CInsertChar nCharPos="-1" strInsert=" " nMinSpace="0" nMaxSpce="0" nInsertType="2" />
                </vecCInsertChar>
                </CRecogUnit>
            </vecRecogUnit>
          </CLine>
		<CLine nIndex="3" bStartOffset="1" bEndOffset="0" bExist="1" bNeedRecog="1" nCheckKeyWord="0">
            
            <RECT Left="0" Top="0" Right="0" Bottom="0" />
             <CRecogInfo bIgnorePoint="0" nMaxPointWidth="0" nMaxPointHeight="0" bMatchRegExp="1" charOrder="\C{1,-1}\D{1,-1}" bConfirmParams="0">
              <CLocateInfo bEraseStart="0" nMinWHRatio="0" nMaxWHRatio="135" nSplitWHRatio="2000" bSplit="0" nNumType="0" bSpace="0" bWidth="0" bHeight="0" bRemoveLineNoise="0" nMinElementNum="4" nMaxElementNum="-1" nMinWidth="20" nMaxWidth="260" nMinHeight="200" nMaxHeight="500" nMinSpace="0" nMaxSpace="230" bPostProcess="1">
                <vecCLocateMethod>
                  <CLocateMethod nLocateMethod="1">
                    <vecProcessImage>
                      <CProcessImage processType="1">
                        <CTrueColorToGrayEx nFilter="0">
                          <RECT Top="0" Right="0" Bottom="0" Left="0"></RECT>
                        </CTrueColorToGrayEx>
                      </CProcessImage>
                      <CProcessImage processType="2">
                        <CGrayToBinaryEx>
                          <vecBinaryParam>
                            <BINARYPARAM nBlockNum="1" nMethod="3" />
                            <BINARYPARAM nBlockNum="1" nMethod="1"/>
                          </vecBinaryParam>
                          
                          <RECT Left="0" Top="0" Right="0" Bottom="0" />
                        </CGrayToBinaryEx>
                      </CProcessImage>
                    </vecProcessImage>
                  </CLocateMethod>
                </vecCLocateMethod>
              </CLocateInfo>
              <vecKernal>
                <CKernalInfo kernalMainType="1" nKernalSubType="7" nFilterType="256" nFillingMethod="1" strFilterPlus="" nRecogType="1" nRecogImgeType="0">
                  <vecCharRatio>
					<CCharRatio strChars="" charType="2" nWHRatio="65" />
                    <CCharRatio strChars="" charType="3" nWHRatio="80" />
                    <CCharRatio strChars="-" charType="10" nWHRatio="200" />
                    <CCharRatio strChars="I" charType="10" nWHRatio="30" />
                  </vecCharRatio>
                </CKernalInfo>
                 <CKernalInfo kernalMainType="1" nKernalSubType="10" nFilterType="4" nFillingMethod="1" strFilterPlus="" nRecogType="1" nRecogImgeType="0">
                  <vecCharRatio>
                    <CCharRatio strChars="" charType="3" nWHRatio="80" />
                    <CCharRatio strChars="I" charType="10" nWHRatio="30" />
                  </vecCharRatio>
                </CKernalInfo>
              </vecKernal>
            </CRecogInfo>
            
            <vecRecogUnit>
              <CRecogUnit nIndex="6" bLocate="0" bRecog="0">
              <vecCInsertChar>
                  <CInsertChar nCharPos="0" strInsert=" " nMinSpace="70" nMaxSpce="200" nInsertType="0" />
                  <CInsertChar nCharPos="-1" strInsert=" " nMinSpace="0" nMaxSpce="0" nInsertType="2" />
                </vecCInsertChar>
                </CRecogUnit>
            </vecRecogUnit>
          </CLine>
		<CLine nIndex="4" bStartOffset="1" bEndOffset="0" bExist="0" bNeedRecog="1" nCheckKeyWord="0">
          
            <RECT Left="0" Top="0" Right="0" Bottom="0" />
             <CRecogInfo bIgnorePoint="0" nMaxPointWidth="0" nMaxPointHeight="0" bMatchRegExp="1" charOrder="\C{4,-1}" bConfirmParams="0">
              <CLocateInfo bEraseStart="0" nMinWHRatio="0" nMaxWHRatio="135" nSplitWHRatio="2000" bSplit="0" nNumType="0" bSpace="0" bWidth="0" bHeight="0" bRemoveLineNoise="0" nMinElementNum="4" nMaxElementNum="-1" nMinWidth="20" nMaxWidth="230" nMinHeight="200" nMaxHeight="500" nMinSpace="0" nMaxSpace="200" bPostProcess="1">
                <vecCLocateMethod>
                  <CLocateMethod nLocateMethod="1">
                    <vecProcessImage>
                      <CProcessImage processType="1">
                        <CTrueColorToGrayEx nFilter="0">
                          <RECT Top="0" Right="0" Bottom="0" Left="0"></RECT>
                        </CTrueColorToGrayEx>
                      </CProcessImage>
                      <CProcessImage processType="2">
                        <CGrayToBinaryEx>
                          <vecBinaryParam>
                            <BINARYPARAM nBlockNum="1" nMethod="6" />
                            <BINARYPARAM nBlockNum="1" nMethod="3" />
                          </vecBinaryParam>
                          <RECT Left="0" Top="0" Right="0" Bottom="0" />
                        </CGrayToBinaryEx>
                      </CProcessImage>
                    </vecProcessImage>
                  </CLocateMethod>
                </vecCLocateMethod>
              </CLocateInfo>
              <vecKernal>
                <CKernalInfo kernalMainType="1" nKernalSubType="7" nFilterType="256" nFillingMethod="1" strFilterPlus="" nRecogType="1" nRecogImgeType="0">
                  <vecCharRatio>
                    <CCharRatio strChars="" charType="3" nWHRatio="80" />
                  
                  </vecCharRatio>
                </CKernalInfo>
                 <CKernalInfo kernalMainType="1" nKernalSubType="10" nFilterType="4" nFillingMethod="1" strFilterPlus="" nRecogType="1" nRecogImgeType="0">
                  <vecCharRatio>
                    <CCharRatio strChars="" charType="3" nWHRatio="80" />
            
                  </vecCharRatio>
                </CKernalInfo>
              </vecKernal>
            </CRecogInfo>
            
            <vecRecogUnit>
              <CRecogUnit nIndex="6" bLocate="0" bRecog="0">
                </CRecogUnit>
            </vecRecogUnit>
          </CLine>
		
        </vecLine>
      </CRegion>
      <CRegion nIndex="4" nRegionType="1" nProcessOrder="4">  <!--国籍、性别-->
        
        <vecImageLightType>
          
          <LIGHTTYPE>2</LIGHTTYPE>
          <LIGHTTYPE>1</LIGHTTYPE>
        </vecImageLightType>
        <CLocateRegion bAccurateLocate="0">
          <vecProcessImage></vecProcessImage>
         
          <RECT Left="9999" Top="9999" Right="0" Bottom="0" />
          <vecAnchorLocateInfo>
            
            <CAnchorLocateInfo nAnchorIndex="0" nDisToAnchor="6174" anchorType="1" />
            <CAnchorLocateInfo nAnchorIndex="0" nDisToAnchor="9891" anchorType="2" />
            <CAnchorLocateInfo nAnchorIndex="1" nDisToAnchor="0" anchorType="3" />
            <CAnchorLocateInfo nAnchorIndex="0" nDisToAnchor="6954" anchorType="3" />
            <CAnchorLocateInfo nAnchorIndex="0" nDisToAnchor="9768" anchorType="4" />
          </vecAnchorLocateInfo>
          
          <vecCLocateAnchor></vecCLocateAnchor>
        </CLocateRegion>
        <CLocateLine>
          <RECT Left="0" Top="0" Right="100" Bottom="100" />
          
          <RECT Left="20" Top="0" Right="90" Bottom="100" />
          <CLocateInfo bEraseStart="0" nMinWHRatio="0" nMaxWHRatio="160" nSplitWHRatio="2000" bSplit="0" nNumType="0" bSpace="0" bWidth="0" bHeight="0" bRemoveLineNoise="0" nMinElementNum="2" nMaxElementNum="2" nMinWidth="500" nMaxWidth="3100" nMaxHeight="360" nMinHeight="180" nMinSpace="0" nMaxSpace="0" bPostProcess="0">
            <vecCLocateMethod>
              <CLocateMethod nLocateMethod="1">
                <vecProcessImage>
                  <CProcessImage processType="1">
                    <CTrueColorToGrayEx nFilter="0">
                      <RECT Top="0" Right="0" Bottom="0" Left="0"></RECT>
                    </CTrueColorToGrayEx>
                  </CProcessImage>
                  <CProcessImage processType="2">
                    <CGrayToBinaryEx>
                      <vecBinaryParam>
                        <BINARYPARAM nBlockNum="1" nMethod="7" />
                        <BINARYPARAM nBlockNum="1" nMethod="3" />
                      </vecBinaryParam>
                      
                      <RECT Left="0" Top="0" Right="0" Bottom="0" />
                    </CGrayToBinaryEx>
                  </CProcessImage>
                </vecProcessImage>
              </CLocateMethod>
            </vecCLocateMethod>
          </CLocateInfo>
          <positionPlus nLeftPlus="-120" nRightPlus="120" nTopPlus="-100" nBottomPlus="100" />
        </CLocateLine>
        <vecLine>
          <CLine nIndex="1" bStartOffset="0" bEndOffset="1" bExist="1" bNeedRecog="1" nCheckKeyWord="0" >
          
            <RECT Left="0" Top="0" Right="0" Bottom="0" />
            <CRecogInfo bIgnorePoint="0" nMaxPointWidth="0" nMaxPointHeight="0" bMatchRegExp="1" charOrder="\C{4,-1}" bConfirmParams="0">
              <CLocateInfo bEraseStart="0" nMinWHRatio="0" nMaxWHRatio="200" nSplitWHRatio="2000" bSplit="0" nNumType="0" bSpace="0" bWidth="0" bHeight="0" bRemoveLineNoise="0" nMinElementNum="4" nMaxElementNum="-1" nMinWidth="20" nMaxWidth="250" nMinHeight="200" nMaxHeight="500" nMinSpace="0" nMaxSpace="200" bPostProcess="1">
                <vecCLocateMethod>
                  <CLocateMethod nLocateMethod="1">
                    <vecProcessImage>
                      <CProcessImage processType="1">
                        <CTrueColorToGrayEx nFilter="0">
                          <RECT Top="0" Right="0" Bottom="0" Left="0"></RECT>
                        </CTrueColorToGrayEx>
                      </CProcessImage>
                      <CProcessImage processType="2">
                        <CGrayToBinaryEx>
                          <vecBinaryParam>
                            <BINARYPARAM nBlockNum="1" nMethod="3" />
                            <BINARYPARAM nBlockNum="2" nMethod="1" />
                          </vecBinaryParam>
                          <RECT Left="0" Top="0" Right="0" Bottom="0" />
                        </CGrayToBinaryEx>
                      </CProcessImage>
                    </vecProcessImage>
                  </CLocateMethod>
                </vecCLocateMethod>
              </CLocateInfo>
              <vecKernal>
                <CKernalInfo kernalMainType="1" nKernalSubType="7" nFilterType="256" nFillingMethod="1" strFilterPlus="" nRecogType="1" nRecogImgeType="0">
                  <vecCharRatio>
                    <CCharRatio strChars="" charType="3" nWHRatio="80" />
                    <CCharRatio strChars="I" charType="10" nWHRatio="40" />
                  </vecCharRatio>
                </CKernalInfo>
                 <CKernalInfo kernalMainType="1" nKernalSubType="10" nFilterType="4" nFillingMethod="1" strFilterPlus="" nRecogType="1" nRecogImgeType="0">
                  <vecCharRatio>
                    <CCharRatio strChars="" charType="3" nWHRatio="80" />
                    
                    <CCharRatio strChars="I" charType="10" nWHRatio="40" />
                  </vecCharRatio>
                </CKernalInfo>
              </vecKernal>
            </CRecogInfo>
            <vecRecogUnit>
             <CRecogUnit nIndex="5" bLocate="0" bRecog="0">
             </CRecogUnit>
             </vecRecogUnit>
          </CLine>
          <CLine nIndex="0" bStartOffset="0" bEndOffset="1" bExist="1" bNeedRecog="1" nCheckKeyWord="0">
          
            <RECT Left="0" Top="0" Right="0" Bottom="0" />
             <CRecogInfo bIgnorePoint="0" nMaxPointWidth="0" nMaxPointHeight="0" bMatchRegExp="1" charOrder="\C{4,-1}" bConfirmParams="0">
              <CLocateInfo bEraseStart="0" nMinWHRatio="0" nMaxWHRatio="200" nSplitWHRatio="2000" bSplit="0" nNumType="0" bSpace="0" bWidth="0" bHeight="0" bRemoveLineNoise="0" nMinElementNum="4" nMaxElementNum="-1" nMinWidth="20" nMaxWidth="200" nMinHeight="200" nMaxHeight="500" nMinSpace="0" nMaxSpace="800" bPostProcess="1">
                <vecCLocateMethod>
                  <CLocateMethod nLocateMethod="1">
                    <vecProcessImage>
                      <CProcessImage processType="1">
                        <CTrueColorToGrayEx nFilter="0">
                          <RECT Top="0" Right="0" Bottom="0" Left="0"></RECT>
                        </CTrueColorToGrayEx>
                      </CProcessImage>
                      <CProcessImage processType="2">
                        <CGrayToBinaryEx>
                          <vecBinaryParam>
                            <BINARYPARAM nBlockNum="1" nMethod="3" />
                            <BINARYPARAM nBlockNum="2" nMethod="8" />
                          </vecBinaryParam>
                          
                          <RECT Left="0" Top="0" Right="0" Bottom="0" />
                        </CGrayToBinaryEx>
                      </CProcessImage>
                    </vecProcessImage>
                  </CLocateMethod>
                </vecCLocateMethod>
              </CLocateInfo>
              <vecKernal>
                <CKernalInfo kernalMainType="1" nKernalSubType="7" nFilterType="256" nFillingMethod="1" strFilterPlus="" nRecogType="1" nRecogImgeType="0">
                  <vecCharRatio>
                    <CCharRatio strChars="" charType="3" nWHRatio="80" />
                    <CCharRatio strChars="I" charType="10" nWHRatio="40" />
                  </vecCharRatio>
                </CKernalInfo>
                 <CKernalInfo kernalMainType="1" nKernalSubType="10" nFilterType="4" nFillingMethod="1" strFilterPlus="" nRecogType="1" nRecogImgeType="0">
                  <vecCharRatio>
                    <CCharRatio strChars="" charType="3" nWHRatio="80" />
                    <CCharRatio strChars="I" charType="10" nWHRatio="40" />
                  </vecCharRatio>
                </CKernalInfo>
              </vecKernal>
            </CRecogInfo>
            <vecRecogUnit>
              <CRecogUnit nIndex="3" bLocate="0" bRecog="0">
                 
              </CRecogUnit>
            </vecRecogUnit>
            
          </CLine>
        </vecLine>
      </CRegion>
   </vecRegion>
   <vecDeriveUnit>
      <CDeriveUnit nEndCharIndex="5" nSrcRecogUnitIndex="1" nIndex="4" nStartCharIndex="0" />
    </vecDeriveUnit>
    <vecAnchor>
      <CAnchor nIndex="0" anchorType="0" anchorPos="0" bEnable="0" nMinPos="-1" nMaxPos="-1" />
      <CAnchor nIndex="1" anchorType="4" anchorPos="0" bEnable="0" nMinPos="-1" nMaxPos="-1" />
      <CAnchor nIndex="2" anchorType="4" anchorPos="0" bEnable="0" nMinPos="-1" nMaxPos="-1" />
    </vecAnchor>
    <vecOutPutResult>
      <COutPutResult nIndex="0" cellRecogType="20" cellNameEng="Reserve" cellName="保留" nOutputThreshold="0" nOutputNumber="0" bFormatResult="0" />
      <COutPutResult nIndex="1" cellRecogType="20" cellNameEng="ID Number" cellName="身份证号" nOutputThreshold="0" nOutputNumber="0" bFormatResult="0"/>
      <COutPutResult nIndex="2" cellRecogType="20" cellNameEng="Name" cellName="姓名" nOutputThreshold="0" nOutputNumber="0" bFormatResult="0">
      </COutPutResult>
      <COutPutResult nIndex="3" cellRecogType="20" cellNameEng="Sex" cellName="性别" nOutputThreshold="0" nOutputNumber="0" bFormatResult="0"> 
      </COutPutResult>
      <COutPutResult nIndex="4" cellRecogType="3" cellNameEng="Date of birth" cellName="出生日期" nOutputThreshold="0" nOutputNumber="0" bFormatResult="1">
        <CFormatInfo strDefault="" strInFormat="YYMMDD" strOutFormat="YYYY-MM-DD" />
      </COutPutResult>
      <COutPutResult nIndex="5" cellRecogType="20" cellNameEng="Nationality" cellName="国籍" nOutputThreshold="10" nOutputNumber="0" bFormatResult="0">
      </COutPutResult>
      <COutPutResult nIndex="6" cellRecogType="20" cellNameEng="Adress" cellName="地址" nOutputThreshold="10" nOutputNumber="0" bFormatResult="0"  bMainField="1" nRejectThresh="15">
         
      </COutPutResult>
      </vecOutPutResult>
      <vecMergeUnit>   
      <CMergeUnit nDestUnitIndex="3" nDestUnitType="4" nSrcUnitIndex="3" nSrcUnitType="4" strSrc="" strDest="PEREMPUAN$LELAKI" nProcessPos="48" bMeet="" bSynchronous="0" nOperateType="6"/>
	  <CMergeUnit nDestUnitIndex="5" nDestUnitType="4" nSrcUnitIndex="5" nSrcUnitType="4" strSrc="" strDest="WARGANEGARA$" nProcessPos="48" bMeet="" bSynchronous="0" nOperateType="6"/>
	   </vecMergeUnit>
  </CIDCardTemplate>
  
</IDCARD>