<?xml version="1.0" encoding="utf-8"?>
<!DOCTYPE IDCARD SYSTEM "IDCARD.dtd">
<IDCARD>
 <CIDCardTemplate nMainDocumentID="2002" chDocumentName="美国加利福利亚驾驶证" engDocumentName="US California Driving License" imageSizeType="2">
    <vecAutoProcess>
        <vecProcessMode nMode="1"> 
			<!--CAutoProcess processType="23">
			  <CIDCardAutoProcessEx2 nCropType="4" nMaxAngle="0.3" nMinAngle="0.017" nFilledType="1" bIs180Rotate="0" bIsValid="0"  bSameSize="1"/> 
			</CAutoProcess-->  
			<CAutoProcess processType="24">
			  <PerspectiveTransform nType="3" bIs180Rotate="0" bIsValid="1" nWidth="896" nHeight="569"/> 
			</CAutoProcess>  
		</vecProcessMode>
    </vecAutoProcess>
    <vecProcessImage>
      <CProcessImage processType="3">
        <CEraseBlackBorderEx>
          <RECT Left="0" Top="0" Right="10000" Bottom="10000" />
          <RECT Left="2000" Top="2000" Right="8900" Bottom="8000" />
        </CEraseBlackBorderEx>
      </CProcessImage>
    </vecProcessImage>
    <vecRegion>
      <CRegion nIndex="0" nRegionType="0" nProcessOrder="0">
        
        <vecImageLightType>
          
          <LIGHTTYPE>1</LIGHTTYPE>
        </vecImageLightType>
        
        
        <CLocateRegion bAccurateLocate="1">
          
          <vecProcessImage>
            <CProcessImage processType="1">
              <CTrueColorToGrayEx nFilter="0">
                <RECT Top="0" Right="0" Bottom="0" Left="0" />
              </CTrueColorToGrayEx>
            </CProcessImage>
          </vecProcessImage>
         
          <RECT Left="558" Top="1927" Right="3529" Bottom="8012" />
          <vecAnchorLocateInfo>
            
            <CAnchorLocateInfo nAnchorIndex="0" nDisToAnchor="450" anchorType="1" />
            <CAnchorLocateInfo nAnchorIndex="0" nDisToAnchor="3605" anchorType="2" />
            <CAnchorLocateInfo nAnchorIndex="0" nDisToAnchor="1674" anchorType="3" />
            <CAnchorLocateInfo nAnchorIndex="0" nDisToAnchor="8277" anchorType="4" />
          </vecAnchorLocateInfo>
          <vecCLocateAnchor>
           <CLocateAnchor nDisToAnchor="0" nAnchorIndex="1" anchorType="2" />
          </vecCLocateAnchor>
          
        </CLocateRegion>
      </CRegion>
      <CRegion nIndex="1" nRegionType="1" nProcessOrder="1">
        
        <vecImageLightType>
          
          <LIGHTTYPE>1</LIGHTTYPE>
          <LIGHTTYPE>2</LIGHTTYPE>
        </vecImageLightType>
        
        
        <CLocateRegion bAccurateLocate="0">
          <vecProcessImage></vecProcessImage>
         
          <RECT Left="9999" Top="9999" Right="0" Bottom="0" />
          <vecAnchorLocateInfo>
            
            
            <CAnchorLocateInfo nAnchorIndex="1" nDisToAnchor="421" anchorType="1" />
            <CAnchorLocateInfo nAnchorIndex="0" nDisToAnchor="4027" anchorType="1" />
            <CAnchorLocateInfo nAnchorIndex="1" nDisToAnchor="3345" anchorType="2" />
            <CAnchorLocateInfo nAnchorIndex="0" nDisToAnchor="6952" anchorType="2" />
            <CAnchorLocateInfo nAnchorIndex="0" nDisToAnchor="1445" anchorType="3" />
            <CAnchorLocateInfo nAnchorIndex="0" nDisToAnchor="2891" anchorType="4" />
          </vecAnchorLocateInfo>
          
          <vecCLocateAnchor></vecCLocateAnchor>
        </CLocateRegion>
        <CLocateLine>
          
          <RECT Left="0" Top="0" Right="100" Bottom="100" />
          
          <RECT Left="5" Top="0" Right="80" Bottom="100" />
          <CLocateInfo bEraseStart="0" nMinWHRatio="0" nMaxWHRatio="160" nSplitWHRatio="2000" bSplit="0" nNumType="0" bSpace="0" bWidth="0" bHeight="0" bRemoveLineNoise="0" nMinElementNum="1" nMaxElementNum="1" nMinWidth="1000" nMaxWidth="4400" nMinHeight="400" nMaxHeight="870" nMinSpace="80" nMaxSpace="300" bPostProcess="0">
            <vecCLocateMethod>
              <CLocateMethod nLocateMethod="0">
                
                <vecProcessImage>
                  <CProcessImage processType="1">
                    <CTrueColorToGrayEx nFilter="0">
                      <RECT Top="0" Right="0" Bottom="0" Left="0" />
                    </CTrueColorToGrayEx>
                  </CProcessImage>
                </vecProcessImage>
              </CLocateMethod>
              <CLocateMethod nLocateMethod="1">
                <vecProcessImage>
                  <CProcessImage processType="1">
                    <CTrueColorToGrayEx nFilter="0">
                      <RECT Top="0" Right="0" Bottom="0" Left="0" />
                    </CTrueColorToGrayEx>
                  </CProcessImage>
                  <CProcessImage processType="2">
                    <CGrayToBinaryEx>
                      <vecBinaryParam>
                        <BINARYPARAM nBlockNum="1" nMethod="8" />
                      </vecBinaryParam>
                      
                      <RECT Left="0" Top="0" Right="0" Bottom="0" />
                    </CGrayToBinaryEx>
                  </CProcessImage>
                </vecProcessImage>
              </CLocateMethod>
            </vecCLocateMethod>
          </CLocateInfo>
          <positionPlus nLeftPlus="-120" nRightPlus="200" nTopPlus="-120" nBottomPlus="100" />
        </CLocateLine>
        <vecLine>
         <CLine nIndex="0" bStartOffset="0" bEndOffset="1" bExist="1" bNeedRecog="1" nCheckKeyWord="0">
           
            <RECT Left="0" Top="0" Right="0" Bottom="0" />
            <CRecogInfo bIgnorePoint="1" nMaxPointWidth="100" nMaxPointHeight="100" bMatchRegExp="1" charOrder="\C\D{7}" bConfirmParams="0">
              <CLocateInfo bEraseStart="0" nMinWHRatio="0" nMaxWHRatio="100" nSplitWHRatio="2000" bSplit="0" nNumType="0" bSpace="0" bWidth="0" bHeight="0" bRemoveLineNoise="0" nMinElementNum="8" nMaxElementNum="8" nMinWidth="20" nMaxWidth="400" nMinHeight="350" nMaxHeight="550" nMinSpace="0" nMaxSpace="100" bPostProcess="1">
                <vecCLocateMethod>
				 <CLocateMethod nLocateMethod="1">
                    <vecProcessImage>
                      <CProcessImage processType="1">
                        <CTrueColorToGrayEx nFilter="0">
                          <RECT Top="0" Right="0" Bottom="0" Left="0"></RECT>
                        </CTrueColorToGrayEx>
                      </CProcessImage>
                      <CProcessImage processType="2">
                        <CGrayToBinaryEx>
                          <vecBinaryParam>
                            <BINARYPARAM nBlockNum="1" nMethod="3" />
							<BINARYPARAM nBlockNum="12" nMethod="7" />
                          </vecBinaryParam>
                          <RECT Left="0" Top="0" Right="0" Bottom="0" />
                        </CGrayToBinaryEx>
                      </CProcessImage>
                    </vecProcessImage>
                  </CLocateMethod>
                  <CLocateMethod nLocateMethod="1">
                    <vecProcessImage>
                      <CProcessImage processType="1">
                        <CTrueColorToGrayEx nFilter="0">
                          <RECT Top="0" Right="0" Bottom="0" Left="0"></RECT>
                        </CTrueColorToGrayEx>
                      </CProcessImage>
                      <CProcessImage processType="2">
                        <CGrayToBinaryEx>
                          <vecBinaryParam>
                            <BINARYPARAM nBlockNum="1" nMethod="8" />
							<BINARYPARAM nBlockNum="1" nMethod="3" />
                          </vecBinaryParam>
                          <RECT Left="0" Top="0" Right="0" Bottom="0" />
                        </CGrayToBinaryEx>
                      </CProcessImage>
                    </vecProcessImage>
                  </CLocateMethod>
                </vecCLocateMethod>
              </CLocateInfo>
              <vecKernal>
                
                
                <CKernalInfo kernalMainType="1" nKernalSubType="7" nFilterType="256" nFillingMethod="1" strFilterPlus="" nRecogType="1" nRecogImgeType="0">
                  <vecCharRatio>
                    <CCharRatio strChars="" charType="2" nWHRatio="65" />
                    <CCharRatio strChars="" charType="3" nWHRatio="78" />
                  </vecCharRatio>
                </CKernalInfo>
              </vecKernal>
            </CRecogInfo>
            
            <vecRecogUnit>
              <CRecogUnit nIndex="1" bLocate="0" bRecog="0">
              </CRecogUnit>
            </vecRecogUnit>
          <vecCLocateAnchor>
            </vecCLocateAnchor>
          </CLine>
          
        </vecLine>
      </CRegion>
      <CRegion nIndex="2" nRegionType="1" nProcessOrder="2">
        
        <vecImageLightType>
          
          <LIGHTTYPE>2</LIGHTTYPE>
          <LIGHTTYPE>1</LIGHTTYPE>
        </vecImageLightType>
        
        
        <CLocateRegion bAccurateLocate="0">
          <vecProcessImage></vecProcessImage>
          <RECT Left="9999" Top="9999" Right="0" Bottom="0" />
          <vecAnchorLocateInfo>
            
            <CAnchorLocateInfo nAnchorIndex="1" nDisToAnchor="421" anchorType="1" />
            <CAnchorLocateInfo nAnchorIndex="0" nDisToAnchor="4027" anchorType="1" />
            <CAnchorLocateInfo nAnchorIndex="1" nDisToAnchor="3345" anchorType="2" />
            <CAnchorLocateInfo nAnchorIndex="0" nDisToAnchor="6952" anchorType="2" />
            <CAnchorLocateInfo nAnchorIndex="2" nDisToAnchor="3162" anchorType="3" />
            <CAnchorLocateInfo nAnchorIndex="0" nDisToAnchor="3626" anchorType="3" />
            <CAnchorLocateInfo nAnchorIndex="0" nDisToAnchor="7578" anchorType="4" />
          </vecAnchorLocateInfo>
          
          <vecCLocateAnchor></vecCLocateAnchor>
        </CLocateRegion>
        <CLocateLine>
          
          <RECT Left="0" Top="0" Right="100" Bottom="100" />
          
          <RECT Left="5" Top="0" Right="80" Bottom="100" />
          <CLocateInfo bEraseStart="0" nMinWHRatio="0" nMaxWHRatio="160" nSplitWHRatio="2000" bSplit="0" nNumType="0" bSpace="0" bWidth="0" bHeight="0" bRemoveLineNoise="0" nMinElementNum="4" nMaxElementNum="4" nMinWidth="500" nMaxWidth="4700" nMinHeight="220" nMaxHeight="600" nMinSpace="30" nMaxSpace="1800" bPostProcess="0">
            <vecCLocateMethod>
              <CLocateMethod nLocateMethod="0">
                
                <vecProcessImage>
                  <CProcessImage processType="1">
                    <CTrueColorToGrayEx nFilter="0">
                      <RECT Top="0" Right="0" Bottom="0" Left="0" />
                    </CTrueColorToGrayEx>
                  </CProcessImage>
                </vecProcessImage>
              </CLocateMethod>
              <CLocateMethod nLocateMethod="1">
                <vecProcessImage>
                  <CProcessImage processType="1">
                    <CTrueColorToGrayEx nFilter="0">
                      <RECT Top="0" Right="0" Bottom="0" Left="0"></RECT>
                    </CTrueColorToGrayEx>
                  </CProcessImage>
                  <CProcessImage processType="2">
                    <CGrayToBinaryEx>
                      <vecBinaryParam>
                        <BINARYPARAM nBlockNum="1" nMethod="3" />
                        <BINARYPARAM nBlockNum="2" nMethod="7" />
                      </vecBinaryParam>
                      
                      <RECT Left="0" Top="0" Right="0" Bottom="0" />
                    </CGrayToBinaryEx>
                  </CProcessImage>
                </vecProcessImage>
              </CLocateMethod>
            </vecCLocateMethod>
          </CLocateInfo>
          <positionPlus nLeftPlus="-120" nRightPlus="200" nTopPlus="-50" nBottomPlus="100" />
        </CLocateLine>
        <vecLine>
          <CLine nIndex="0" bStartOffset="1" bEndOffset="0" bExist="1" bNeedRecog="1" nCheckKeyWord="0" >
        
            <RECT Left="0" Top="0" Right="0" Bottom="0" />
             <CRecogInfo bIgnorePoint="0" nMaxPointWidth="0" nMaxPointHeight="0" bMatchRegExp="1" charOrder="\C{2,-1}" bConfirmParams="0">
              
              <CLocateInfo bEraseStart="0" nMinWHRatio="0" nMaxWHRatio="150" nSplitWHRatio="2000" bSplit="0" nNumType="0" bSpace="0" bWidth="0" bHeight="0" bRemoveLineNoise="0" nMinElementNum="2" nMaxElementNum="-1" nMinWidth="20" nMaxWidth="330" nMinHeight="350" nMaxHeight="500" nMinSpace="0" nMaxSpace="150" bPostProcess="1">
                <vecCLocateMethod>
                  <CLocateMethod nLocateMethod="1">
                    <vecProcessImage>
                      <CProcessImage processType="1">
                        <CTrueColorToGrayEx nFilter="0">
                          <RECT Top="0" Right="0" Bottom="0" Left="0"></RECT>
                        </CTrueColorToGrayEx>
                      </CProcessImage>
                      <CProcessImage processType="2">
                        <CGrayToBinaryEx>
                          <vecBinaryParam>
                            <BINARYPARAM nBlockNum="1" nMethod="6" />
                          </vecBinaryParam>
                          
                          <RECT Left="0" Top="0" Right="0" Bottom="0" />
                        </CGrayToBinaryEx>
                      </CProcessImage>
                    </vecProcessImage>
                  </CLocateMethod>
                <CLocateMethod nLocateMethod="1">
                    <vecProcessImage>
                      <CProcessImage processType="1">
                        <CTrueColorToGrayEx nFilter="0">
                          <RECT Top="0" Right="0" Bottom="0" Left="0"></RECT>
                        </CTrueColorToGrayEx>
                      </CProcessImage>
                      <CProcessImage processType="2">
                        <CGrayToBinaryEx>
                          <vecBinaryParam>
                            <BINARYPARAM nBlockNum="1" nMethod="8" />
                            <BINARYPARAM nBlockNum="2" nMethod="1" />
                          </vecBinaryParam>
                          
                          <RECT Left="0" Top="0" Right="0" Bottom="0" />
                        </CGrayToBinaryEx>
                      </CProcessImage>
                    </vecProcessImage>
                  </CLocateMethod>
                </vecCLocateMethod>
              </CLocateInfo>
              <vecKernal>
                
                
                <CKernalInfo kernalMainType="1" nKernalSubType="7" nFilterType="256" nFillingMethod="1" strFilterPlus="" nRecogType="1" nRecogImgeType="0">
                  <vecCharRatio>
                    <CCharRatio strChars="" charType="3" nWHRatio="85" />
                  <CCharRatio strChars="I" charType="10" nWHRatio="40" />
                  </vecCharRatio>
                </CKernalInfo>
                 <CKernalInfo kernalMainType="1" nKernalSubType="10" nFilterType="4" nFillingMethod="1" strFilterPlus="" nRecogType="1" nRecogImgeType="0">
                  <vecCharRatio>
                    <CCharRatio strChars="" charType="3" nWHRatio="85" />
					 <CCharRatio strChars="I" charType="10" nWHRatio="40" />
                  </vecCharRatio>
                </CKernalInfo>
              </vecKernal>
            </CRecogInfo>
            
            <vecRecogUnit>
              <CRecogUnit nIndex="2" bLocate="0" bRecog="0">
           
               </CRecogUnit>
            </vecRecogUnit>
          </CLine>
          <CLine nIndex="1" bStartOffset="1" bEndOffset="0" bExist="1" bNeedRecog="1" nCheckKeyWord="0">
            
            <RECT Left="0" Top="0" Right="0" Bottom="0" />
             <CRecogInfo bIgnorePoint="0" nMaxPointWidth="0" nMaxPointHeight="0" bMatchRegExp="1" charOrder="\C{3,-1}" bConfirmParams="0">
             <CLocateInfo bEraseStart="0" nMinWHRatio="0" nMaxWHRatio="135" nSplitWHRatio="2000" bSplit="0" nNumType="0" bSpace="0" bWidth="0" bHeight="0" bRemoveLineNoise="0" nMinElementNum="4" nMaxElementNum="-1" nMinWidth="20" nMaxWidth="300" nMinHeight="350" nMaxHeight="500" nMinSpace="0" nMaxSpace="150" bPostProcess="1">
                <vecCLocateMethod>
                  <CLocateMethod nLocateMethod="1">
                    <vecProcessImage>
                      <CProcessImage processType="1">
                        <CTrueColorToGrayEx nFilter="0">
                          <RECT Top="0" Right="0" Bottom="0" Left="0"></RECT>
                        </CTrueColorToGrayEx>
                      </CProcessImage>
                      <CProcessImage processType="2">
                        <CGrayToBinaryEx>
                          <vecBinaryParam>
                            <BINARYPARAM nBlockNum="1" nMethod="8" />
                            <BINARYPARAM nBlockNum="1" nMethod="3" />
                          </vecBinaryParam>
                          
                          <RECT Left="0" Top="0" Right="0" Bottom="0" />
                        </CGrayToBinaryEx>
                      </CProcessImage>
                    </vecProcessImage>
                  </CLocateMethod>
                </vecCLocateMethod>
              </CLocateInfo>
              <vecKernal>
                <CKernalInfo kernalMainType="1" nKernalSubType="7" nFilterType="256" nFillingMethod="1" strFilterPlus="" nRecogType="1" nRecogImgeType="0">
                  <vecCharRatio>
                    <CCharRatio strChars="" charType="3" nWHRatio="80" />
        
                    <CCharRatio strChars="I" charType="10" nWHRatio="30" />
                  </vecCharRatio>
                </CKernalInfo>
                 <CKernalInfo kernalMainType="1" nKernalSubType="10" nFilterType="4" nFillingMethod="1" strFilterPlus="" nRecogType="1" nRecogImgeType="0">
                  <vecCharRatio>
                    <CCharRatio strChars="" charType="3" nWHRatio="80" />
                    <CCharRatio strChars="I" charType="10" nWHRatio="30" />
                  </vecCharRatio>
                </CKernalInfo>
              </vecKernal>
            </CRecogInfo>
            
            <vecRecogUnit>
              <CRecogUnit nIndex="3" bLocate="0" bRecog="0">
              <vecCInsertChar>
                  <CInsertChar nCharPos="0" strInsert=" " nMinSpace="50" nMaxSpce="120" nInsertType="0" />
                </vecCInsertChar>
                </CRecogUnit>
            </vecRecogUnit>
          <vecCLocateAnchor>
              <CLocateAnchor nDisToAnchor="0" nAnchorIndex="2" anchorType="4" />
            </vecCLocateAnchor>
          </CLine>
		<CLine nIndex="2" bStartOffset="1" bEndOffset="0" bExist="1" bNeedRecog="0" nCheckKeyWord="0">
           
            <RECT Left="0" Top="0" Right="0" Bottom="0" />
              </CLine>
		<CLine nIndex="3" bStartOffset="1" bEndOffset="0" bExist="1" bNeedRecog="0" nCheckKeyWord="0">
            
            <RECT Left="0" Top="0" Right="0" Bottom="0" />
            </CLine>
		
        </vecLine>
      </CRegion>
      <CRegion nIndex="3" nRegionType="1" nProcessOrder="3">
        
        <vecImageLightType>
          
          <LIGHTTYPE>2</LIGHTTYPE>
          <LIGHTTYPE>1</LIGHTTYPE>
        </vecImageLightType>
        
        
        <CLocateRegion bAccurateLocate="0">
          <vecProcessImage></vecProcessImage>
         
          <RECT Left="9999" Top="9999" Right="0" Bottom="0" />
          <vecAnchorLocateInfo>
            
            <CAnchorLocateInfo nAnchorIndex="1" nDisToAnchor="1692" anchorType="1" />
            <CAnchorLocateInfo nAnchorIndex="0" nDisToAnchor="5298" anchorType="1" />
            <CAnchorLocateInfo nAnchorIndex="1" nDisToAnchor="2718" anchorType="2" />
            <CAnchorLocateInfo nAnchorIndex="0" nDisToAnchor="6301" anchorType="2" />
            <CAnchorLocateInfo nAnchorIndex="2" nDisToAnchor="2831" anchorType="3" />
            <CAnchorLocateInfo nAnchorIndex="0" nDisToAnchor="7554" anchorType="3" />
            <CAnchorLocateInfo nAnchorIndex="2" nDisToAnchor="4156" anchorType="3" />
            <CAnchorLocateInfo nAnchorIndex="0" nDisToAnchor="8867" anchorType="4" />
          </vecAnchorLocateInfo>
          
          <vecCLocateAnchor></vecCLocateAnchor>
        </CLocateRegion>
        <CLocateLine>
          
          <RECT Left="0" Top="0" Right="100" Bottom="100" />
          
          <RECT Left="0" Top="0" Right="90" Bottom="100" />
          <CLocateInfo bEraseStart="0" nMinWHRatio="0" nMaxWHRatio="160" nSplitWHRatio="2000" bSplit="0" nNumType="0" bSpace="0" bWidth="0" bHeight="0" bRemoveLineNoise="0" nMinElementNum="2" nMaxElementNum="2" nMinWidth="50" nMaxWidth="2500" nMaxHeight="360" nMinHeight="180" nMinSpace="0" nMaxSpace="0" bPostProcess="0">
            <vecCLocateMethod>
              <CLocateMethod nLocateMethod="1">
                <vecProcessImage>
                  <CProcessImage processType="1">
                    <CTrueColorToGrayEx nFilter="0">
                      <RECT Top="0" Right="0" Bottom="0" Left="0"></RECT>
                    </CTrueColorToGrayEx>
                  </CProcessImage>
                  <CProcessImage processType="2">
                    <CGrayToBinaryEx>
                      <vecBinaryParam>
                        <BINARYPARAM nBlockNum="1" nMethod="7" />
                        <BINARYPARAM nBlockNum="1" nMethod="3" />
                      </vecBinaryParam>
                      
                      <RECT Left="0" Top="0" Right="0" Bottom="0" />
                    </CGrayToBinaryEx>
                  </CProcessImage>
                </vecProcessImage>
              </CLocateMethod>
            </vecCLocateMethod>
          </CLocateInfo>
          <positionPlus nLeftPlus="-120" nRightPlus="120" nTopPlus="-100" nBottomPlus="100" />
        </CLocateLine>
        <vecLine>
          <CLine nIndex="0" bStartOffset="1" bEndOffset="0" bExist="1" bNeedRecog="1" nCheckKeyWord="0" >
          
            <RECT Left="0" Top="0" Right="0" Bottom="0" />
            <CRecogInfo bIgnorePoint="0" nMaxPointWidth="0" nMaxPointHeight="0" bMatchRegExp="1" charOrder="[MF]" bConfirmParams="0">
              <CLocateInfo bEraseStart="0" nMinWHRatio="0" nMaxWHRatio="140" nSplitWHRatio="2000" bSplit="0" nNumType="0" bSpace="0" bWidth="0" bHeight="0" bRemoveLineNoise="0" nMinElementNum="1" nMaxElementNum="1" nMinWidth="130" nMaxWidth="250" nMinHeight="200" nMaxHeight="500" nMinSpace="0" nMaxSpace="200" bPostProcess="1">
                <vecCLocateMethod>
                  <CLocateMethod nLocateMethod="1">
                    <vecProcessImage>
                      <CProcessImage processType="1">
                        <CTrueColorToGrayEx nFilter="0">
                          <RECT Top="0" Right="0" Bottom="0" Left="0"></RECT>
                        </CTrueColorToGrayEx>
                      </CProcessImage>
                      <CProcessImage processType="2">
                        <CGrayToBinaryEx>
                          <vecBinaryParam>
                            <BINARYPARAM nBlockNum="1" nMethod="7" />
                            <BINARYPARAM nBlockNum="2" nMethod="6" />
                          </vecBinaryParam>
                          
                          <RECT Left="0" Top="0" Right="0" Bottom="0" />
                        </CGrayToBinaryEx>
                      </CProcessImage>
                    </vecProcessImage>
                  </CLocateMethod>
                </vecCLocateMethod>
              </CLocateInfo>
              <vecKernal>
                <CKernalInfo kernalMainType="1" nKernalSubType="7" nFilterType="256" nFillingMethod="1" strFilterPlus="" nRecogType="1" nRecogImgeType="0">
                  <vecCharRatio>
                    <CCharRatio strChars="" charType="3" nWHRatio="80" />
                  </vecCharRatio>
                </CKernalInfo>
                 <CKernalInfo kernalMainType="1" nKernalSubType="10" nFilterType="4" nFillingMethod="1" strFilterPlus="" nRecogType="1" nRecogImgeType="0">
                  <vecCharRatio>
                    <CCharRatio strChars="" charType="3" nWHRatio="80" />
                  </vecCharRatio>
                </CKernalInfo>
              </vecKernal>
            </CRecogInfo>
            <vecRecogUnit>
             <CRecogUnit nIndex="4" bLocate="0" bRecog="0">
             </CRecogUnit>
             </vecRecogUnit>
          </CLine>
          <CLine nIndex="1" bStartOffset="1" bEndOffset="0" bExist="1" bNeedRecog="0" nCheckKeyWord="0">
          
            <RECT Left="0" Top="0" Right="0" Bottom="0" />
          </CLine>
        </vecLine>
      </CRegion>
   </vecRegion>
   <vecDeriveUnit>
    </vecDeriveUnit>
    <vecAnchor>
      <CAnchor nIndex="0" anchorType="0" anchorPos="0" bEnable="0" nMinPos="-1" nMaxPos="-1" />
      <CAnchor nIndex="1" anchorType="2" anchorPos="0" bEnable="0" nMinPos="-1" nMaxPos="-1" />
      <CAnchor nIndex="2" anchorType="4" anchorPos="0" bEnable="0" nMinPos="-1" nMaxPos="-1" />
    </vecAnchor>
    
    <vecOutPutResult>
      <COutPutResult nIndex="0" cellRecogType="20" cellNameEng="Reserve" cellName="预留" nOutputThreshold="0" nOutputNumber="0" bFormatResult="0" />
      <COutPutResult nIndex="1" cellRecogType="20" cellNameEng="DL" cellName="驾驶证号" nOutputThreshold="0" nOutputNumber="0" bFormatResult="0" bMainField="1" nRejectThresh="20"/>
      <COutPutResult nIndex="2" cellRecogType="20" cellNameEng="LN" cellName="姓" nOutputThreshold="0" nOutputNumber="0" bFormatResult="0">
      </COutPutResult>
      <COutPutResult nIndex="3" cellRecogType="20" cellNameEng="FN" cellName="名" nOutputThreshold="0" nOutputNumber="0" bFormatResult="0"> 
      </COutPutResult>
      <COutPutResult nIndex="4" cellRecogType="20" cellNameEng="Sex" cellName="性别" nOutputThreshold="0" nOutputNumber="0" bFormatResult="0">
      </COutPutResult>
      </vecOutPutResult>
      <vecMergeUnit>   
     </vecMergeUnit>
  </CIDCardTemplate>
 
  </IDCARD>