<?xml version="1.0" encoding="utf-8"?>
<!DOCTYPE IDCARD SYSTEM "IDCARD.dtd">
<IDCARD>
  <CIDCardTemplate nMainDocumentID="2003" chDocumentName="新西兰驾驶证" engDocumentName="New Zealand Driving License" imageSizeType="2">
       <vecAutoProcess>
        <vecProcessMode nMode="1"> 
			<!--CAutoProcess processType="23">
			  <CIDCardAutoProcessEx2 nCropType="4" nMaxAngle="0.3" nMinAngle="0.017" nFilledType="1" bIs180Rotate="0" bIsValid="0"  bSameSize="1"/> 
			</CAutoProcess-->  
			<CAutoProcess processType="24">
			  <PerspectiveTransform nType="3" bIs180Rotate="0" bIsValid="1" nWidth="896" nHeight="569"/> 
			</CAutoProcess>  
		</vecProcessMode>
    </vecAutoProcess>
        <vecProcessImage>
            <CProcessImage processType="3">
                <CEraseBlackBorderEx>
                 <RECT Left="0" Top="0" Right="10000" Bottom="10000" />
                 <RECT Left="9900" Top="9900" Right="0" Bottom="0" />
                </CEraseBlackBorderEx>
            </CProcessImage>
        </vecProcessImage>
        <vecRegion>
            <CRegion nIndex="0" nRegionType="0" nProcessOrder="0">
                <vecImageLightType>
                   <LIGHTTYPE>1</LIGHTTYPE>
                   <LIGHTTYPE>2</LIGHTTYPE>
                </vecImageLightType>
                <CLocateRegion bAccurateLocate="1">
                    <vecProcessImage>
                        <CProcessImage processType="1">
                            <CTrueColorToGrayEx nFilter="0">
                              <RECT Top="0" Right="0" Bottom="0" Left="0" />
                            </CTrueColorToGrayEx>
                        </CProcessImage>
                    </vecProcessImage>
                    <RECT Left="247" Top="3777" Right="3158" Bottom="9757" />
                    <vecAnchorLocateInfo>
                      <CAnchorLocateInfo nAnchorIndex="0" nDisToAnchor="154" anchorType="1" />
                      <CAnchorLocateInfo nAnchorIndex="0" nDisToAnchor="3270" anchorType="2" />
                      <CAnchorLocateInfo nAnchorIndex="0" nDisToAnchor="3607" anchorType="3" />
                      <CAnchorLocateInfo nAnchorIndex="0" nDisToAnchor="9842" anchorType="4" />
                    </vecAnchorLocateInfo>
                     <vecCLocateAnchor>
                      <CLocateAnchor nDisToAnchor="0" nAnchorIndex="1" anchorType="2" />
                    </vecCLocateAnchor>
                </CLocateRegion>
            </CRegion>
            <CRegion nIndex="1" nRegionType="1" nProcessOrder="1">
                <vecImageLightType>
                 <LIGHTTYPE>2</LIGHTTYPE>
                 <LIGHTTYPE>1</LIGHTTYPE>
                </vecImageLightType>
                <CLocateRegion bAccurateLocate="0">
                    <vecProcessImage></vecProcessImage>
                    <RECT Left="9900" Top="9900" Right="0" Bottom="0" />
                    <vecAnchorLocateInfo>
                      <CAnchorLocateInfo nAnchorIndex="0" nDisToAnchor="3650" anchorType="1" />
                      <CAnchorLocateInfo nAnchorIndex="0" nDisToAnchor="7436" anchorType="2" />
                      <CAnchorLocateInfo nAnchorIndex="0" nDisToAnchor="194" anchorType="3" />
                      <CAnchorLocateInfo nAnchorIndex="0" nDisToAnchor="3486" anchorType="4" />
                    </vecAnchorLocateInfo>
                    <vecCLocateAnchor></vecCLocateAnchor>
                </CLocateRegion>
                <CLocateLine>
                    <RECT Left="0" Top="0" Right="100" Bottom="100" />
                    <RECT Left="0" Top="0" Right="100" Bottom="100" />
                    <CLocateInfo bEraseStart="0" nMinWHRatio="0" nMaxWHRatio="160" nSplitWHRatio="2000" bSplit="0" nNumType="0" bSpace="0" bWidth="0" bHeight="0" bRemoveLineNoise="0" nMinElementNum="3" nMaxElementNum="-1" nMinWidth="517" nMaxWidth="4400" nMinHeight="206" nMaxHeight="550" nMinSpace="20" nMaxSpace="1000" bPostProcess="0">
                        <vecCLocateMethod>
                            <CLocateMethod nLocateMethod="0">
            
                                <vecProcessImage>
                                    <CProcessImage processType="1">
                                        <CTrueColorToGrayEx nFilter="0">
                                         <RECT Top="0" Right="0" Bottom="0" Left="0" />
                                        </CTrueColorToGrayEx>
                                    </CProcessImage>
                                </vecProcessImage>
                            </CLocateMethod>
                            <CLocateMethod nLocateMethod="1">
								<vecProcessImage>
								  <CProcessImage processType="1">
									<CTrueColorToGrayEx nFilter="0">
									  <RECT Top="0" Right="0" Bottom="0" Left="0"></RECT>
									</CTrueColorToGrayEx>
								  </CProcessImage>
								  <CProcessImage processType="2">
									<CGrayToBinaryEx>
									  <vecBinaryParam>
										<BINARYPARAM nBlockNum="1" nMethod="6" />
									  </vecBinaryParam>
									  
									  <RECT Left="0" Top="0" Right="0" Bottom="0" />
									</CGrayToBinaryEx>
								  </CProcessImage>
								</vecProcessImage>
							</CLocateMethod>
						</vecCLocateMethod>
                    </CLocateInfo>
                    <positionPlus nLeftPlus="0" nRightPlus="0" nTopPlus="-80" nBottomPlus="80" />
                </CLocateLine>
                <vecLine>
                    <CLine nIndex="0" bStartOffset="1" bEndOffset="0" bExist="1" bNeedRecog="0" nCheckKeyWord="0">
						<RECT Left="0" Top="0" Right="0" Bottom="0" />
						<vecCLocateAnchor>
					    </vecCLocateAnchor>
					</CLine>
					<CLine nIndex="1" bStartOffset="1" bEndOffset="0" bExist="1" bNeedRecog="1" nCheckKeyWord="0">
						<RECT Left="0" Top="0" Right="0" Bottom="0" />
						<CRecogInfo bIgnorePoint="0" nMaxPointWidth="0" nMaxPointHeight="0" bMatchRegExp="1" charOrder="\C+" bConfirmParams="0">
						    <CLocateInfo bEraseStart="0" nMinWHRatio="0" nMaxWHRatio="140" nSplitWHRatio="2000" bSplit="0" nNumType="0" bSpace="0" bWidth="0" bHeight="0" bRemoveLineNoise="0" nMinElementNum="2" nMaxElementNum="-1" nMinWidth="30" nMaxWidth="300" nMinHeight="220" nMaxHeight="550" nMinSpace="2" nMaxSpace="300" bPostProcess="1">
						        <vecCLocateMethod>
								  <CLocateMethod nLocateMethod="1">
									<vecProcessImage>
									  <CProcessImage processType="1">
										<CTrueColorToGrayEx nFilter="0">
										  <RECT Top="0" Right="0" Bottom="0" Left="0"></RECT>
										</CTrueColorToGrayEx>
									  </CProcessImage>
									  <CProcessImage processType="2">
										<CGrayToBinaryEx>
										  <vecBinaryParam>
											<BINARYPARAM nBlockNum="1" nMethod="7" />
											<BINARYPARAM nBlockNum="1" nMethod="6" />
										  </vecBinaryParam>
										  
										  <RECT Left="0" Top="0" Right="0" Bottom="0" />
										</CGrayToBinaryEx>
									  </CProcessImage>
									</vecProcessImage>
								  </CLocateMethod>
								  <CLocateMethod nLocateMethod="1">
									<vecProcessImage>
									  <CProcessImage processType="1">
										<CTrueColorToGrayEx nFilter="0">
										  <RECT Top="0" Right="0" Bottom="0" Left="0"></RECT>
										</CTrueColorToGrayEx>
									  </CProcessImage>
									  <CProcessImage processType="2">
										<CGrayToBinaryEx>
										  <vecBinaryParam>
											<BINARYPARAM nBlockNum="1" nMethod="7" />
											<BINARYPARAM nBlockNum="1" nMethod="3" />
										  </vecBinaryParam>
										  
										  <RECT Left="0" Top="0" Right="0" Bottom="0" />
										</CGrayToBinaryEx>
									  </CProcessImage>
									</vecProcessImage>
								  </CLocateMethod>
								</vecCLocateMethod>
						    </CLocateInfo>
						    <vecKernal>
								<CKernalInfo kernalMainType="1" nKernalSubType="6" nFilterType="0" nFillingMethod="0" strFilterPlus="" nRecogType="1" nRecogImgeType="0">
								  <vecCharRatio>
									 <CCharRatio strChars="I" charType="10" nWHRatio="31" />
									 <CCharRatio strChars="" charType="3" nWHRatio="75" />
								  </vecCharRatio>
								</CKernalInfo>
								<CKernalInfo kernalMainType="1" nKernalSubType="7" nFilterType="256" nFillingMethod="0" strFilterPlus="" nRecogType="1" nRecogImgeType="0">
								  <vecCharRatio>
									 <CCharRatio strChars="I" charType="10" nWHRatio="31" />
									 <CCharRatio strChars="" charType="3" nWHRatio="75" />
								  </vecCharRatio>
								</CKernalInfo>
							</vecKernal>
						</CRecogInfo>
						<vecRecogUnit>
                            <CRecogUnit nIndex="1" bLocate="0" bRecog="0">
                                <vecCInsertChar>
								  <CInsertChar nCharPos="0" strInsert=" " nMinSpace="84" nMaxSpce="370" nInsertType="0" />
								</vecCInsertChar>
                            </CRecogUnit>
                        </vecRecogUnit>
						<vecCLocateAnchor>
						    <CLocateAnchor nDisToAnchor="0" nAnchorIndex="2" anchorType="1" />
					    </vecCLocateAnchor>
					</CLine>
					<CLine nIndex="2" bStartOffset="1" bEndOffset="0" bExist="1" bNeedRecog="1" nCheckKeyWord="0">
						<RECT Left="0" Top="0" Right="0" Bottom="0" />
						<CRecogInfo bIgnorePoint="0" nMaxPointWidth="0" nMaxPointHeight="0" bMatchRegExp="1" charOrder="\C+" bConfirmParams="0">
						    <CLocateInfo bEraseStart="0" nMinWHRatio="0" nMaxWHRatio="140" nSplitWHRatio="2000" bSplit="0" nNumType="0" bSpace="0" bWidth="0" bHeight="0" bRemoveLineNoise="0" nMinElementNum="1" nMaxElementNum="-1" nMinWidth="30" nMaxWidth="262" nMinHeight="340" nMaxHeight="450" nMinSpace="7" nMaxSpace="80" bPostProcess="1">
						        <vecCLocateMethod>
								  <CLocateMethod nLocateMethod="1">
									<vecProcessImage>
									  <CProcessImage processType="1">
										<CTrueColorToGrayEx nFilter="0">
										  <RECT Top="0" Right="0" Bottom="0" Left="0"></RECT>
										</CTrueColorToGrayEx>
									  </CProcessImage>
									  <CProcessImage processType="2">
										<CGrayToBinaryEx>
										  <vecBinaryParam>
											<BINARYPARAM nBlockNum="1" nMethod="7" />
											<BINARYPARAM nBlockNum="1" nMethod="6" />
										  </vecBinaryParam>
										  
										  <RECT Left="0" Top="0" Right="0" Bottom="0" />
										</CGrayToBinaryEx>
									  </CProcessImage>
									</vecProcessImage>
								  </CLocateMethod>
								  <CLocateMethod nLocateMethod="1">
									<vecProcessImage>
									  <CProcessImage processType="1">
										<CTrueColorToGrayEx nFilter="0">
										  <RECT Top="0" Right="0" Bottom="0" Left="0"></RECT>
										</CTrueColorToGrayEx>
									  </CProcessImage>
									  <CProcessImage processType="2">
										<CGrayToBinaryEx>
										  <vecBinaryParam>
											<BINARYPARAM nBlockNum="1" nMethod="7" />
											<BINARYPARAM nBlockNum="1" nMethod="3" />
										  </vecBinaryParam>
										  
										  <RECT Left="0" Top="0" Right="0" Bottom="0" />
										</CGrayToBinaryEx>
									  </CProcessImage>
									</vecProcessImage>
								  </CLocateMethod>
								</vecCLocateMethod>
						    </CLocateInfo>
						    <vecKernal>
								<CKernalInfo kernalMainType="1" nKernalSubType="6" nFilterType="0" nFillingMethod="0" strFilterPlus="" nRecogType="1" nRecogImgeType="0">
								  <vecCharRatio>
									 <CCharRatio strChars="I" charType="10" nWHRatio="33" />
									 <CCharRatio strChars="" charType="3" nWHRatio="79" />
								  </vecCharRatio>
								</CKernalInfo>
								<CKernalInfo kernalMainType="1" nKernalSubType="7" nFilterType="256" nFillingMethod="0" strFilterPlus="" nRecogType="1" nRecogImgeType="0">
								  <vecCharRatio>
									 <CCharRatio strChars="I" charType="10" nWHRatio="33" />
									 <CCharRatio strChars="" charType="3" nWHRatio="79" />
								  </vecCharRatio>
								</CKernalInfo>
							</vecKernal>
						</CRecogInfo>
						<vecRecogUnit>
                            <CRecogUnit nIndex="2" bLocate="0" bRecog="0">
                                <vecCInsertChar>
								  <CInsertChar nCharPos="-1" strInsert=" " nMinSpace="170" nMaxSpce="330" nInsertType="2" />
								</vecCInsertChar>
                            </CRecogUnit>
                        </vecRecogUnit>
						<vecCLocateAnchor>
						   
					    </vecCLocateAnchor>
					</CLine>
					<CLine nIndex="3" bStartOffset="1" bEndOffset="0" bExist="0" bNeedRecog="1" nCheckKeyWord="0">
						<RECT Left="0" Top="0" Right="0" Bottom="0" />
						<CRecogInfo bIgnorePoint="0" nMaxPointWidth="0" nMaxPointHeight="0" bMatchRegExp="1" charOrder="\C+" bConfirmParams="0">
						    <CLocateInfo bEraseStart="0" nMinWHRatio="0" nMaxWHRatio="140" nSplitWHRatio="2000" bSplit="0" nNumType="0" bSpace="0" bWidth="0" bHeight="0" bRemoveLineNoise="0" nMinElementNum="1" nMaxElementNum="-1" nMinWidth="30" nMaxWidth="340" nMinHeight="340" nMaxHeight="450" nMinSpace="0" nMaxSpace="200" bPostProcess="1">
						        <vecCLocateMethod>
								  <CLocateMethod nLocateMethod="1">
									<vecProcessImage>
									  <CProcessImage processType="1">
										<CTrueColorToGrayEx nFilter="0">
										  <RECT Top="0" Right="0" Bottom="0" Left="0"></RECT>
										</CTrueColorToGrayEx>
									  </CProcessImage>
									  <CProcessImage processType="2">
										<CGrayToBinaryEx>
										  <vecBinaryParam>
											<BINARYPARAM nBlockNum="1" nMethod="7" />
											<BINARYPARAM nBlockNum="1" nMethod="6" />
										  </vecBinaryParam>
										  
										  <RECT Left="0" Top="0" Right="0" Bottom="0" />
										</CGrayToBinaryEx>
									  </CProcessImage>
									</vecProcessImage>
								  </CLocateMethod>
								  <CLocateMethod nLocateMethod="1">
									<vecProcessImage>
									  <CProcessImage processType="1">
										<CTrueColorToGrayEx nFilter="0">
										  <RECT Top="0" Right="0" Bottom="0" Left="0"></RECT>
										</CTrueColorToGrayEx>
									  </CProcessImage>
									  <CProcessImage processType="2">
										<CGrayToBinaryEx>
										  <vecBinaryParam>
											<BINARYPARAM nBlockNum="1" nMethod="7" />
											<BINARYPARAM nBlockNum="1" nMethod="3" />
										  </vecBinaryParam>
										  
										  <RECT Left="0" Top="0" Right="0" Bottom="0" />
										</CGrayToBinaryEx>
									  </CProcessImage>
									</vecProcessImage>
								  </CLocateMethod>
								</vecCLocateMethod>
						    </CLocateInfo>
						    <vecKernal>
								<CKernalInfo kernalMainType="1" nKernalSubType="6" nFilterType="0" nFillingMethod="0" strFilterPlus="" nRecogType="1" nRecogImgeType="0">
								  <vecCharRatio>
									 <CCharRatio strChars="I" charType="10" nWHRatio="33" />
									 <CCharRatio strChars="" charType="3" nWHRatio="79" />
								  </vecCharRatio>
								</CKernalInfo>
								<CKernalInfo kernalMainType="1" nKernalSubType="7" nFilterType="256" nFillingMethod="0" strFilterPlus="" nRecogType="1" nRecogImgeType="0">
								  <vecCharRatio>
									 <CCharRatio strChars="I" charType="10" nWHRatio="33" />
									 <CCharRatio strChars="" charType="3" nWHRatio="79" />
								  </vecCharRatio>
								</CKernalInfo>
							</vecKernal>
						</CRecogInfo>
						<vecRecogUnit>
                            <CRecogUnit nIndex="2" bLocate="0" bRecog="0">
                                <vecCInsertChar>
								  <CInsertChar nCharPos="0" strInsert=" " nMinSpace="75" nMaxSpce="370" nInsertType="0" />
								</vecCInsertChar>
                            </CRecogUnit>
                        </vecRecogUnit>
						<vecCLocateAnchor>
					    </vecCLocateAnchor>
					</CLine>
                </vecLine>
            </CRegion>
            <CRegion nIndex="2" nRegionType="1" nProcessOrder="2">
                <vecImageLightType>
                 <LIGHTTYPE>2</LIGHTTYPE>
                 <LIGHTTYPE>1</LIGHTTYPE>
                </vecImageLightType>
                <CLocateRegion bAccurateLocate="0">
                    <vecProcessImage></vecProcessImage>
                    <RECT Left="9900" Top="9900" Right="0" Bottom="0" />
                    <vecAnchorLocateInfo>
                      <CAnchorLocateInfo nAnchorIndex="2" nDisToAnchor="0" anchorType="1" />
                      <CAnchorLocateInfo nAnchorIndex="0" nDisToAnchor="3675" anchorType="1" />
                      <CAnchorLocateInfo nAnchorIndex="2" nDisToAnchor="2115" anchorType="2" />
                      <CAnchorLocateInfo nAnchorIndex="0" nDisToAnchor="5760" anchorType="2" />
                      <CAnchorLocateInfo nAnchorIndex="0" nDisToAnchor="3465" anchorType="3" />
                      <CAnchorLocateInfo nAnchorIndex="0" nDisToAnchor="6162" anchorType="4" />
                    </vecAnchorLocateInfo>
                    <vecCLocateAnchor></vecCLocateAnchor>
                </CLocateRegion>
                <CLocateLine>
                    <RECT Left="0" Top="0" Right="100" Bottom="100" />
                    <RECT Left="0" Top="0" Right="100" Bottom="100" />
                    <CLocateInfo bEraseStart="0" nMinWHRatio="0" nMaxWHRatio="160" nSplitWHRatio="2000" bSplit="0" nNumType="0" bSpace="0" bWidth="0" bHeight="0" bRemoveLineNoise="0" nMinElementNum="3" nMaxElementNum="3" nMinWidth="220" nMaxWidth="2000" nMinHeight="300" nMaxHeight="630" nMinSpace="5" nMaxSpace="100" bPostProcess="0">
                        <vecCLocateMethod>
                            <CLocateMethod nLocateMethod="0">
            
                                <vecProcessImage>
                                    <CProcessImage processType="1">
                                        <CTrueColorToGrayEx nFilter="0">
                                         <RECT Top="0" Right="0" Bottom="0" Left="0" />
                                        </CTrueColorToGrayEx>
                                    </CProcessImage>
                                </vecProcessImage>
                            </CLocateMethod>
                            <CLocateMethod nLocateMethod="1">
								<vecProcessImage>
								  <CProcessImage processType="1">
									<CTrueColorToGrayEx nFilter="0">
									  <RECT Top="0" Right="0" Bottom="0" Left="0"></RECT>
									</CTrueColorToGrayEx>
								  </CProcessImage>
								  <CProcessImage processType="2">
									<CGrayToBinaryEx>
									  <vecBinaryParam>
										<BINARYPARAM nBlockNum="1" nMethod="6" />
									  </vecBinaryParam>
									  
									  <RECT Left="0" Top="0" Right="0" Bottom="0" />
									</CGrayToBinaryEx>
								  </CProcessImage>
								</vecProcessImage>
							</CLocateMethod>
						</vecCLocateMethod>
                    </CLocateInfo>
                    <positionPlus nLeftPlus="0" nRightPlus="0" nTopPlus="-100" nBottomPlus="100" />
                </CLocateLine>
                <vecLine>
                    <CLine nIndex="0" bStartOffset="1" bEndOffset="0" bExist="1" bNeedRecog="1" nCheckKeyWord="0">
                        <RECT Left="0" Top="0" Right="0" Bottom="0" />
                        <CRecogInfo bIgnorePoint="0" nMaxPointWidth="0" nMaxPointHeight="0" bMatchRegExp="1" charOrder="\D{2}-\D{2}-\D{4}" bConfirmParams="0">
                            <CLocateInfo bEraseStart="0" nMinWHRatio="0" nMaxWHRatio="145" nSplitWHRatio="2000" bSplit="0" nNumType="0" bSpace="0" bWidth="0" bHeight="0" bRemoveLineNoise="0" nMinElementNum="10" nMaxElementNum="10" nMinWidth="115" nMaxWidth="208" nMinHeight="50" nMaxHeight="700" nMinSpace="5" nMaxSpace="50" bPostProcess="1">
                                <vecCLocateMethod>
									<CLocateMethod nLocateMethod="1">
									    <vecProcessImage>
									        <CProcessImage processType="1">
												<CTrueColorToGrayEx nFilter="0">
													<RECT Top="0" Right="0" Bottom="0" Left="0"></RECT>			  
												</CTrueColorToGrayEx>				
											</CProcessImage>
											<CProcessImage processType="2">			
												<CGrayToBinaryEx>
													<vecBinaryParam>
														<BINARYPARAM nBlockNum="1" nMethod="3" />
														<BINARYPARAM nBlockNum="1" nMethod="1" />
													</vecBinaryParam>
													
													<RECT Left="0" Top="0" Right="0" Bottom="0" />
												</CGrayToBinaryEx>
											</CProcessImage>				
										</vecProcessImage>		
									</CLocateMethod>
								 	<CLocateMethod nLocateMethod="1">
									    <vecProcessImage>
									        <CProcessImage processType="1">
												<CTrueColorToGrayEx nFilter="0">
													<RECT Top="0" Right="0" Bottom="0" Left="0"></RECT>			  
												</CTrueColorToGrayEx>				
											</CProcessImage>
											<CProcessImage processType="2">			
												<CGrayToBinaryEx>
													<vecBinaryParam>
														<BINARYPARAM nBlockNum="1" nMethod="7" />
														<BINARYPARAM nBlockNum="1" nMethod="3" />
													</vecBinaryParam>
													
													<RECT Left="0" Top="0" Right="0" Bottom="0" />
												</CGrayToBinaryEx>
											</CProcessImage>				
										</vecProcessImage>		
									</CLocateMethod>
								 	
								</vecCLocateMethod>
                            </CLocateInfo>
                            <vecKernal>
					            
							    
							    <CKernalInfo kernalMainType="1" nKernalSubType="10" nFilterType="6" nFillingMethod="1" strFilterPlus="" nRecogType="1" nRecogImgeType="0">
									<vecCharRatio>
										<CCharRatio strChars="" charType="2" nWHRatio="88" />
										<CCharRatio strChars="1" charType="10" nWHRatio="54" />
										<CCharRatio strChars="-" charType="10" nWHRatio="200" />
									</vecCharRatio>	
								</CKernalInfo> 			 
							</vecKernal> 					
                        </CRecogInfo>
                        <vecRecogUnit>
				            <CRecogUnit nIndex="3" bLocate="0" bRecog="0">
				              
				            </CRecogUnit>
				        </vecRecogUnit>
				        <vecCLocateAnchor>
				            <CLocateAnchor nDisToAnchor="0" nAnchorIndex="3" anchorType="4" />  
						</vecCLocateAnchor>
                    </CLine>
                    <CLine nIndex="1" bStartOffset="1" bEndOffset="0" bExist="1" bNeedRecog="1" nCheckKeyWord="0">
                        <RECT Left="0" Top="0" Right="0" Bottom="0" />
                        <CRecogInfo bIgnorePoint="0" nMaxPointWidth="0" nMaxPointHeight="0" bMatchRegExp="1" charOrder="\D{2}-\D{2}-\D{4}" bConfirmParams="0">
                            <CLocateInfo bEraseStart="0" nMinWHRatio="0" nMaxWHRatio="145" nSplitWHRatio="2000" bSplit="0" nNumType="0" bSpace="0" bWidth="0" bHeight="0" bRemoveLineNoise="0" nMinElementNum="10" nMaxElementNum="10" nMinWidth="54" nMaxWidth="216" nMinHeight="50" nMaxHeight="500" nMinSpace="7" nMaxSpace="260" bPostProcess="1">
                                <vecCLocateMethod>
									<CLocateMethod nLocateMethod="1">
									    <vecProcessImage>
									        <CProcessImage processType="1">
												<CTrueColorToGrayEx nFilter="0">
													<RECT Top="0" Right="0" Bottom="0" Left="0"></RECT>			  
												</CTrueColorToGrayEx>				
											</CProcessImage>
											<CProcessImage processType="2">			
												<CGrayToBinaryEx>
													<vecBinaryParam>
														<BINARYPARAM nBlockNum="1" nMethod="7" />
														<BINARYPARAM nBlockNum="1" nMethod="3" />
													</vecBinaryParam>
													
													<RECT Left="0" Top="0" Right="0" Bottom="0" />
												</CGrayToBinaryEx>
											</CProcessImage>				
										</vecProcessImage>		
									</CLocateMethod>
								</vecCLocateMethod>
                            </CLocateInfo>
                            <vecKernal>
					            
							    
							    <CKernalInfo kernalMainType="1" nKernalSubType="10" nFilterType="6" nFillingMethod="1" strFilterPlus="" nRecogType="1" nRecogImgeType="0">
									<vecCharRatio>
										<CCharRatio strChars="" charType="2" nWHRatio="88" />
										<CCharRatio strChars="1" charType="10" nWHRatio="54" />
										<CCharRatio strChars="-" charType="10" nWHRatio="200" />
									</vecCharRatio>	
								</CKernalInfo> 			 
							</vecKernal> 					
                        </CRecogInfo>
                        <vecRecogUnit>
				            <CRecogUnit nIndex="4" bLocate="0" bRecog="0">
				              
				            </CRecogUnit>
				        </vecRecogUnit>
				        <vecCLocateAnchor>
						</vecCLocateAnchor>
                    </CLine>
                    <CLine nIndex="2" bStartOffset="1" bEndOffset="0" bExist="1" bNeedRecog="1" nCheckKeyWord="0">
                        <RECT Left="0" Top="0" Right="0" Bottom="0" />
                        <CRecogInfo bIgnorePoint="0" nMaxPointWidth="0" nMaxPointHeight="0" bMatchRegExp="1" charOrder="\C{2}\D{6}" bConfirmParams="0">
                            <CLocateInfo bEraseStart="0" nMinWHRatio="0" nMaxWHRatio="145" nSplitWHRatio="2000" bSplit="0" nNumType="0" bSpace="0" bWidth="0" bHeight="0" bRemoveLineNoise="0" nMinElementNum="8" nMaxElementNum="8" nMinWidth="90" nMaxWidth="290" nMinHeight="207" nMaxHeight="500" nMinSpace="0" nMaxSpace="200" bPostProcess="1">
                                <vecCLocateMethod>
									<CLocateMethod nLocateMethod="1">
									    <vecProcessImage>
									        <CProcessImage processType="1">
												<CTrueColorToGrayEx nFilter="0">
													<RECT Top="0" Right="0" Bottom="0" Left="0"></RECT>			  
												</CTrueColorToGrayEx>				
											</CProcessImage>
											<CProcessImage processType="2">			
												<CGrayToBinaryEx>
													<vecBinaryParam>
														<BINARYPARAM nBlockNum="1" nMethod="7" />
														<BINARYPARAM nBlockNum="1" nMethod="3" />
													</vecBinaryParam>
													
													<RECT Left="0" Top="0" Right="0" Bottom="0" />
												</CGrayToBinaryEx>
											</CProcessImage>				
										</vecProcessImage>		
									</CLocateMethod>
								</vecCLocateMethod>
                            </CLocateInfo>
                            <vecKernal>
					            
							    <CKernalInfo kernalMainType="1" nKernalSubType="7" nFilterType="256" nFillingMethod="0" strFilterPlus="" nRecogType="1" nRecogImgeType="0">
									<vecCharRatio>
										<CCharRatio strChars="" charType="3" nWHRatio="85" />
										<CCharRatio strChars="" charType="2" nWHRatio="79" />
										<CCharRatio strChars="I" charType="10" nWHRatio="54" />
										<CCharRatio strChars="1" charType="10" nWHRatio="58" />
									</vecCharRatio>	
								</CKernalInfo> 			 
							</vecKernal> 					
                        </CRecogInfo>
                        <vecRecogUnit>
				            <CRecogUnit nIndex="5" bLocate="0" bRecog="0">
				              
				            </CRecogUnit>
				        </vecRecogUnit>
				        <vecCLocateAnchor>
						</vecCLocateAnchor>
                    </CLine>
                </vecLine>
            </CRegion>
            <CRegion nIndex="3" nRegionType="1" nProcessOrder="3">
                <vecImageLightType>
                 <LIGHTTYPE>2</LIGHTTYPE>
                 <LIGHTTYPE>1</LIGHTTYPE>
                </vecImageLightType>
                <CLocateRegion bAccurateLocate="0">
                    <vecProcessImage></vecProcessImage>
                    <RECT Left="9900" Top="9900" Right="0" Bottom="0" />
                    <vecAnchorLocateInfo>
                      <CAnchorLocateInfo nAnchorIndex="0" nDisToAnchor="6228" anchorType="1" />
                      <CAnchorLocateInfo nAnchorIndex="2" nDisToAnchor="4550" anchorType="2" />
                      <CAnchorLocateInfo nAnchorIndex="0" nDisToAnchor="8070" anchorType="2" />
                      <CAnchorLocateInfo nAnchorIndex="3" nDisToAnchor="50" anchorType="3" />
                      <CAnchorLocateInfo nAnchorIndex="0" nDisToAnchor="4540" anchorType="3" />
                      <CAnchorLocateInfo nAnchorIndex="3" nDisToAnchor="1773" anchorType="4" />
                      <CAnchorLocateInfo nAnchorIndex="0" nDisToAnchor="5935" anchorType="4" />
                    </vecAnchorLocateInfo>
                    <vecCLocateAnchor></vecCLocateAnchor>
                </CLocateRegion>
                <CLocateLine>
                    <RECT Left="0" Top="0" Right="100" Bottom="100" />
                    <RECT Left="0" Top="0" Right="100" Bottom="100" />
                    <CLocateInfo bEraseStart="0" nMinWHRatio="0" nMaxWHRatio="160" nSplitWHRatio="2000" bSplit="0" nNumType="0" bSpace="0" bWidth="0" bHeight="0" bRemoveLineNoise="0" nMinElementNum="2" nMaxElementNum="-1" nMinWidth="202" nMaxWidth="4000" nMinHeight="220" nMaxHeight="770" nMinSpace="0" nMaxSpace="50" bPostProcess="0">
                        <vecCLocateMethod>
                            <CLocateMethod nLocateMethod="0">
            
                                <vecProcessImage>
                                    <CProcessImage processType="1">
                                        <CTrueColorToGrayEx nFilter="0">
                                         <RECT Top="0" Right="0" Bottom="0" Left="0" />
                                        </CTrueColorToGrayEx>
                                    </CProcessImage>
                                </vecProcessImage>
                            </CLocateMethod>
                            <CLocateMethod nLocateMethod="1">
								<vecProcessImage>
								  <CProcessImage processType="1">
									<CTrueColorToGrayEx nFilter="0">
									  <RECT Top="0" Right="0" Bottom="0" Left="0"></RECT>
									</CTrueColorToGrayEx>
								  </CProcessImage>
								  <CProcessImage processType="2">
									<CGrayToBinaryEx>
									  <vecBinaryParam>
										<BINARYPARAM nBlockNum="1" nMethod="6" />
									  </vecBinaryParam>
									  
									  <RECT Left="0" Top="0" Right="0" Bottom="0" />
									</CGrayToBinaryEx>
								  </CProcessImage>
								</vecProcessImage>
							</CLocateMethod>
						</vecCLocateMethod>
                    </CLocateInfo>
                    <positionPlus nLeftPlus="" nRightPlus="0" nTopPlus="-100" nBottomPlus="100" />
                </CLocateLine>
                <vecLine>
                    <CLine nIndex="0" bStartOffset="1" bEndOffset="0" bExist="1" bNeedRecog="1" nCheckKeyWord="0">
                        <RECT Left="0" Top="0" Right="0" Bottom="0" />
                        <CRecogInfo bIgnorePoint="0" nMaxPointWidth="0" nMaxPointHeight="0" bMatchRegExp="1" charOrder="\D{2}-\D{2}-\D{4}" bConfirmParams="0">
                            <CLocateInfo bEraseStart="0" nMinWHRatio="0" nMaxWHRatio="170" nSplitWHRatio="2000" bSplit="0" nNumType="0" bSpace="0" bWidth="0" bHeight="0" bRemoveLineNoise="0" nMinElementNum="10" nMaxElementNum="10" nMinWidth="40" nMaxWidth="231" nMinHeight="50" nMaxHeight="560" nMinSpace="0" nMaxSpace="80" bPostProcess="1">
                                <vecCLocateMethod>
									<CLocateMethod nLocateMethod="1">
									    <vecProcessImage>
									        <CProcessImage processType="1">
												<CTrueColorToGrayEx nFilter="0">
													<RECT Top="0" Right="0" Bottom="0" Left="0"></RECT>			  
												</CTrueColorToGrayEx>				
											</CProcessImage>
											<CProcessImage processType="2">			
												<CGrayToBinaryEx>
													<vecBinaryParam>
														<BINARYPARAM nBlockNum="1" nMethod="7" />
														<BINARYPARAM nBlockNum="1" nMethod="3" />
													</vecBinaryParam>
													
													<RECT Left="0" Top="0" Right="0" Bottom="0" />
												</CGrayToBinaryEx>
											</CProcessImage>				
										</vecProcessImage>		
									</CLocateMethod>
								</vecCLocateMethod>
                            </CLocateInfo>
                            <vecKernal>
					            
							    
							    <CKernalInfo kernalMainType="1" nKernalSubType="10" nFilterType="6" nFillingMethod="1" strFilterPlus="" nRecogType="1" nRecogImgeType="0">
									<vecCharRatio>
										<CCharRatio strChars="" charType="2" nWHRatio="80" />
										<CCharRatio strChars="1" charType="10" nWHRatio="48" />
										<CCharRatio strChars="-" charType="10" nWHRatio="200" />
									</vecCharRatio>	
								</CKernalInfo> 			 
							</vecKernal> 					
                        </CRecogInfo>
                        <vecRecogUnit>
				            <CRecogUnit nIndex="6" bLocate="0" bRecog="0">
				              
				            </CRecogUnit>
				        </vecRecogUnit>
				        <vecCLocateAnchor>
				            
						</vecCLocateAnchor>
                    </CLine>
                    <CLine nIndex="1" bStartOffset="1" bEndOffset="0" bExist="1" bNeedRecog="0" nCheckKeyWord="0">
                        <RECT Left="0" Top="0" Right="0" Bottom="0" />
						<vecCLocateAnchor>
						  
					    </vecCLocateAnchor>
                    </CLine>
                </vecLine>
            </CRegion>
        </vecRegion>
        <vecDeriveUnit>
         
        </vecDeriveUnit>
        <vecAnchor>
          <CAnchor nIndex="0" anchorPos="0" anchorType="0"  bEnable="0" nMinPos="-1" nMaxPos="-1" />
          <CAnchor nIndex="1" anchorPos="-1" anchorType="2" bEnable="0" nMinPos="-1" nMaxPos="-1" />
          <CAnchor nIndex="2" anchorPos="-1" anchorType="1" bEnable="0" nMinPos="-1" nMaxPos="-1" />
		  <CAnchor nIndex="3" anchorPos="-1" anchorType="4" bEnable="0" nMinPos="-1" nMaxPos="-1" />
        </vecAnchor>
        <vecOutPutResult>
            <COutPutResult nIndex="0" cellRecogType="20" cellNameEng="Reserve" cellName="预留" nOutputThreshold="0" nOutputNumber="0" bFormatResult="0" />
            <COutPutResult nIndex="1" cellRecogType="20" cellNameEng="Last name" cellName="姓" nOutputThreshold="0" nOutputNumber="0" bFormatResult="0" />
            <COutPutResult nIndex="2" cellRecogType="20" cellNameEng="First name" cellName="名" nOutputThreshold="0" nOutputNumber="0" bFormatResult="0" />
            <COutPutResult nIndex="3" cellRecogType="3" cellNameEng="Date of birth" cellName="出生日期" nOutputThreshold="0" nOutputNumber="0" bFormatResult="1" >
                <CFormatInfo strDefault="" strInFormat="DD-MM-YYYY" strOutFormat="YYYY-MM-DD" /> 
            </COutPutResult>
            <COutPutResult nIndex="4" cellRecogType="3" cellNameEng="Date of issue" cellName="签发日期" nOutputThreshold="0" nOutputNumber="0" bFormatResult="1">
                <CFormatInfo strDefault="" strInFormat="DD-MM-YYYY" strOutFormat="YYYY-MM-DD" />
            </COutPutResult>
            <COutPutResult nIndex="6" cellRecogType="3" cellNameEng="Expiry date" cellName="有效期至" nOutputThreshold="10" nOutputNumber="7" bFormatResult="1" bMainField="1" nRejectThresh="30">
                <CFormatInfo strDefault="" strInFormat="DD-MM-YYYY" strOutFormat="YYYY-MM-DD" />
            </COutPutResult>
            <COutPutResult nIndex="5" cellRecogType="20" cellNameEng="Driver's license number" cellName="驾驶证号码" nOutputThreshold="0" nOutputNumber="0" bFormatResult="0" bMainField="1" nRejectThresh="20"/>
        </vecOutPutResult>
        <vecMergeUnit>
         
        </vecMergeUnit>                                
    </CIDCardTemplate>
	
</IDCARD>