<?xml version="1.0" encoding="utf-8"?>
<!DOCTYPE IDCARD SYSTEM "IDCARD.dtd">
<IDCARD>
   <CIDCardTemplate nMainDocumentID="2006" chDocumentName="TD-2型机读旅行证件" engDocumentName="TD-2 Machine Readable Travel Documents" imageSizeType="21">
    <vecAutoProcess>
        <vecProcessMode nMode="1"> 
			<CAutoProcess processType="23">
			  <CIDCardAutoProcessEx2 nCropType="4" nMaxAngle="0.3" nMinAngle="0.017" nFilledType="1" bIs180Rotate="0" bIsValid="0"  bSameSize="1"/> 
			</CAutoProcess>  
		</vecProcessMode>
    </vecAutoProcess>
    <vecProcessImage>
      <CProcessImage processType="3">
        <CEraseBlackBorderEx>
          <RECT Left="0" Top="0" Right="10000" Bottom="10000" />
          <RECT Left="500" Top="500" Right="9200" Bottom="9500" />
        </CEraseBlackBorderEx>
      </CProcessImage>
    </vecProcessImage>
    <vecRegion>
      <CRegion nIndex="0" nRegionType="0" nProcessOrder="0">
        <vecImageLightType>
          <LIGHTTYPE>1</LIGHTTYPE>
          <LIGHTTYPE>2</LIGHTTYPE>
        </vecImageLightType>
        <CLocateRegion bAccurateLocate="1">
          <vecProcessImage>
            <CProcessImage processType="1">
              <CTrueColorToGrayEx nFilter="0">
                <RECT Top="0" Right="0" Bottom="0" Left="0" />
              </CTrueColorToGrayEx>
            </CProcessImage>
          </vecProcessImage>
          <RECT Left="600" Top="1966" Right="2800" Bottom="6254" />
          <vecAnchorLocateInfo>
            <CAnchorLocateInfo nAnchorIndex="0" nDisToAnchor="100" anchorType="1" />
            <CAnchorLocateInfo nAnchorIndex="0" nDisToAnchor="3450" anchorType="2" />
            <CAnchorLocateInfo nAnchorIndex="0" nDisToAnchor="1766" anchorType="3" />
            <CAnchorLocateInfo nAnchorIndex="0" nDisToAnchor="7469" anchorType="4" />
          </vecAnchorLocateInfo>
          <vecCLocateAnchor>
            <CLocateAnchor nDisToAnchor="0" nAnchorIndex="1" anchorType="2" />
          </vecCLocateAnchor>
        </CLocateRegion>
      </CRegion>
      <CRegion nIndex="1" nRegionType="1" nProcessOrder="1">
        <vecImageLightType>
          <LIGHTTYPE>2</LIGHTTYPE>
          <LIGHTTYPE>1</LIGHTTYPE>
        </vecImageLightType>
        <CLocateRegion bAccurateLocate="0">
          <vecProcessImage></vecProcessImage>
         
          <RECT Left="10000" Top="10000" Right="0" Bottom="0" />
          <vecAnchorLocateInfo>
            
            <CAnchorLocateInfo nAnchorIndex="0" nDisToAnchor="231" anchorType="1" />
            <CAnchorLocateInfo nAnchorIndex="0" nDisToAnchor="9770" anchorType="2" />
            <CAnchorLocateInfo nAnchorIndex="0" nDisToAnchor="7300" anchorType="3" />
            <CAnchorLocateInfo nAnchorIndex="0" nDisToAnchor="10000" anchorType="4" />
          </vecAnchorLocateInfo>
          
          <vecCLocateAnchor></vecCLocateAnchor>
        </CLocateRegion>
        <CLocateLine>
          
          <RECT Left="0" Top="0" Right="100" Bottom="100" />
          
          <RECT Left="0" Top="0" Right="100" Bottom="100" />
          <CLocateInfo bEraseStart="0" nMinWHRatio="0" nMaxWHRatio="160" nSplitWHRatio="2000" bSplit="0" nNumType="0" bSpace="0" bWidth="0" bHeight="0" bRemoveLineNoise="0" nMinElementNum="2" nMaxElementNum="2" nMinWidth="7200" nMaxWidth="9999" nMinHeight="230" nMaxHeight="420" nMinSpace="10" nMaxSpace="700" bPostProcess="0">
            <vecCLocateMethod>
              <CLocateMethod nLocateMethod="1">
                <vecProcessImage>
                  <CProcessImage processType="1">
                    <CTrueColorToGrayEx nFilter="0">
                      <RECT Top="0" Right="0" Bottom="0" Left="0" />
                    </CTrueColorToGrayEx>
                  </CProcessImage>
                  <CProcessImage processType="2">
                    <CGrayToBinaryEx>
                      <vecBinaryParam>
                        <BINARYPARAM nBlockNum="1" nMethod="3" />
                      </vecBinaryParam>
                      
                      <RECT Left="0" Top="0" Right="0" Bottom="0" />
                    </CGrayToBinaryEx>
                  </CProcessImage>
                </vecProcessImage>
              </CLocateMethod>
            </vecCLocateMethod>
            
          </CLocateInfo>
          <positionPlus nLeftPlus="-100" nRightPlus="100" nTopPlus="-200" nBottomPlus="200" />
        </CLocateLine>
        <vecLine>
          <CLine nIndex="0" bStartOffset="1" bEndOffset="0" bExist="1" bNeedRecog="1" nCheckKeyWord="0">
       
            <RECT Left="0" Top="0" Right="0" Bottom="0" />
            <CRecogInfo bIgnorePoint="0" nMaxPointWidth="0" nMaxPointHeight="0" bMatchRegExp="1" charOrder="I[&lt;\C]{1}[&lt;\C]{28}[&lt;\D]{6}" bConfirmParams="0">
              <CLocateInfo bEraseStart="0" nMinWHRatio="0" nMaxWHRatio="130" nSplitWHRatio="2000" bSplit="0" nNumType="0" bSpace="0" bWidth="0" bHeight="0" bRemoveLineNoise="0" nMinElementNum="36" nMaxElementNum="36" nMinWidth="80" nMaxWidth="230" nMinHeight="150" nMaxHeight="458" nMinSpace="0" nMaxSpace="295" bPostProcess="1">
                <vecCLocateMethod>
                  <CLocateMethod nLocateMethod="1">
                    <vecProcessImage>
                      <CProcessImage processType="1">
                        <CTrueColorToGrayEx nFilter="0">
                          <RECT Top="0" Right="0" Bottom="0" Left="0"></RECT>
                        </CTrueColorToGrayEx>
                      </CProcessImage>
                      <CProcessImage processType="2">
                        <CGrayToBinaryEx>
                          <vecBinaryParam>
                            <BINARYPARAM nBlockNum="10" nMethod="7" />
                            <BINARYPARAM nBlockNum="1" nMethod="6" />
                          </vecBinaryParam>
                          
                          <RECT Left="0" Top="0" Right="0" Bottom="0" />
                        </CGrayToBinaryEx>
                      </CProcessImage>
                    </vecProcessImage>
                  </CLocateMethod>
                  <CLocateMethod nLocateMethod="1">
                    <vecProcessImage>
                      <CProcessImage processType="1">
                        <CTrueColorToGrayEx nFilter="0">
                          <RECT Top="0" Right="0" Bottom="0" Left="0"></RECT>
                        </CTrueColorToGrayEx>
                      </CProcessImage>
                      <CProcessImage processType="2">
                        <CGrayToBinaryEx>
                          <vecBinaryParam>
                            <BINARYPARAM nBlockNum="10" nMethod="7" />
                            <BINARYPARAM nBlockNum="1" nMethod="1" />
                          </vecBinaryParam>
                          
                          <RECT Left="0" Top="0" Right="0" Bottom="0" />
                        </CGrayToBinaryEx>
                      </CProcessImage>
                    </vecProcessImage>
                  </CLocateMethod>
                  <CLocateMethod nLocateMethod="1">
                    <vecProcessImage>
                      <CProcessImage processType="1">
                        <CTrueColorToGrayEx nFilter="0">
                          <RECT Top="0" Right="0" Bottom="0" Left="0"></RECT>
                        </CTrueColorToGrayEx>
                      </CProcessImage>
                      <CProcessImage processType="2">
                        <CGrayToBinaryEx>
                          <vecBinaryParam>
                            <BINARYPARAM nBlockNum="1" nMethod="3" />
                          </vecBinaryParam>
                          
                          <RECT Left="0" Top="0" Right="0" Bottom="0" />
                        </CGrayToBinaryEx>
                      </CProcessImage>
                    </vecProcessImage>
                  </CLocateMethod>
                  <CLocateMethod nLocateMethod="1">
                    <vecProcessImage>
                      <CProcessImage processType="1">
                        <CTrueColorToGrayEx nFilter="0">
                          <RECT Top="0" Right="0" Bottom="0" Left="0"></RECT>
                        </CTrueColorToGrayEx>
                      </CProcessImage>
                      <CProcessImage processType="2">
                        <CGrayToBinaryEx>
                          <vecBinaryParam>
                            <BINARYPARAM nBlockNum="1" nMethod="5" />
                          </vecBinaryParam>
                          
                          <RECT Left="0" Top="0" Right="0" Bottom="0" />
                        </CGrayToBinaryEx>
                      </CProcessImage>
                    </vecProcessImage>
                  </CLocateMethod>
                </vecCLocateMethod>
              </CLocateInfo>
              <vecKernal>
                <CKernalInfo kernalMainType="1" nKernalSubType="6" nFilterType="0" nFillingMethod="1" strFilterPlus="" nRecogType="1" nRecogImgeType="0">
                  <vecCharRatio>
                    <CCharRatio strChars="" charType="3" nWHRatio="80" />
                     <CCharRatio strChars="" charType="2" nWHRatio="64" />
                    <CCharRatio strChars="&lt;" charType="10" nWHRatio="83" />
                    <CCharRatio strChars="C;" charType="10" nWHRatio="56" />
                  </vecCharRatio>
                </CKernalInfo>
              </vecKernal>
            </CRecogInfo>
            
            <vecRecogUnit>
              <CRecogUnit nIndex="1" bLocate="0" bRecog="0"></CRecogUnit>
            </vecRecogUnit>
            
            <vecLineKeyWord></vecLineKeyWord>
            <vecCLocateAnchor>
              <CLocateAnchor nDisToAnchor="0" nAnchorIndex="2" anchorType="3" />
            </vecCLocateAnchor>
          </CLine>
          <CLine nIndex="1" bStartOffset="1" bEndOffset="0" bExist="1" bNeedRecog="1" nCheckKeyWord="0">
        
            <RECT Left="0" Top="0" Right="0" Bottom="0" />
            <CRecogInfo bIgnorePoint="0" nMaxPointWidth="0" nMaxPointHeight="0" bMatchRegExp="1" charOrder="[\D\C&lt;]{35}\D{1}" bConfirmParams="0">
              <CLocateInfo bEraseStart="0" nMinWHRatio="0" nMaxWHRatio="130" nSplitWHRatio="2000" bSplit="0" nNumType="0" bSpace="0" bWidth="0" bHeight="0" bRemoveLineNoise="0" nMinElementNum="36" nMaxElementNum="36" nMinWidth="70" nMaxWidth="289" nMinHeight="150" nMaxHeight="478" nMinSpace="0" nMaxSpace="295" bPostProcess="1">
                <vecCLocateMethod>
                  <CLocateMethod nLocateMethod="1">
                    <vecProcessImage>
                      <CProcessImage processType="1">
                        <CTrueColorToGrayEx nFilter="0">
                          <RECT Top="0" Right="0" Bottom="0" Left="0"></RECT>
                        </CTrueColorToGrayEx>
                      </CProcessImage>
                      <CProcessImage processType="2">
                        <CGrayToBinaryEx>
                          <vecBinaryParam>
                            <BINARYPARAM nBlockNum="1" nMethod="6" />
                          </vecBinaryParam>
                          
                          <RECT Left="0" Top="0" Right="0" Bottom="0" />
                        </CGrayToBinaryEx>
                      </CProcessImage>
                    </vecProcessImage>
                  </CLocateMethod>
                  <CLocateMethod nLocateMethod="1">
                    <vecProcessImage>
                      <CProcessImage processType="1">
                        <CTrueColorToGrayEx nFilter="0">
                          <RECT Top="0" Right="0" Bottom="0" Left="0"></RECT>
                        </CTrueColorToGrayEx>
                      </CProcessImage>
                      <CProcessImage processType="2">
                        <CGrayToBinaryEx>
                          <vecBinaryParam>
                            <BINARYPARAM nBlockNum="10" nMethod="7" />
                            <BINARYPARAM nBlockNum="1" nMethod="1" />
                          </vecBinaryParam>
                          
                          <RECT Left="0" Top="0" Right="0" Bottom="0" />
                        </CGrayToBinaryEx>
                      </CProcessImage>
                    </vecProcessImage>
                  </CLocateMethod>
                  <CLocateMethod nLocateMethod="1">
                    <vecProcessImage>
                      <CProcessImage processType="1">
                        <CTrueColorToGrayEx nFilter="0">
                          <RECT Top="0" Right="0" Bottom="0" Left="0"></RECT>
                        </CTrueColorToGrayEx>
                      </CProcessImage>
                      <CProcessImage processType="2">
                        <CGrayToBinaryEx>
                          <vecBinaryParam>
                            <BINARYPARAM nBlockNum="1" nMethod="3" />
                          </vecBinaryParam>
                          
                          <RECT Left="0" Top="0" Right="0" Bottom="0" />
                        </CGrayToBinaryEx>
                      </CProcessImage>
                    </vecProcessImage>
                  </CLocateMethod>
                  <CLocateMethod nLocateMethod="1">
                    <vecProcessImage>
                      <CProcessImage processType="1">
                        <CTrueColorToGrayEx nFilter="0">
                          <RECT Top="0" Right="0" Bottom="0" Left="0"></RECT>
                        </CTrueColorToGrayEx>
                      </CProcessImage>
                      <CProcessImage processType="2">
                        <CGrayToBinaryEx>
                          <vecBinaryParam>
                            <BINARYPARAM nBlockNum="1" nMethod="5" />
                          </vecBinaryParam>
                          
                          <RECT Left="0" Top="0" Right="0" Bottom="0" />
                        </CGrayToBinaryEx>
                      </CProcessImage>
                    </vecProcessImage>
                  </CLocateMethod>
                </vecCLocateMethod>
              </CLocateInfo>
              <vecKernal>
                <CKernalInfo kernalMainType="1" nKernalSubType="6" nFilterType="0" nFillingMethod="1" strFilterPlus="" nRecogType="1" nRecogImgeType="0">
                  <vecCharRatio>
                    <CCharRatio strChars="" charType="3" nWHRatio="80" />
                     <CCharRatio strChars="" charType="2" nWHRatio="64" />
                    <CCharRatio strChars="&lt;" charType="10" nWHRatio="83" />
                    <CCharRatio strChars="C;" charType="10" nWHRatio="56" />
                  </vecCharRatio>
                </CKernalInfo>
              </vecKernal>
            </CRecogInfo>
            
            <vecRecogUnit>
              <CRecogUnit nIndex="2" bLocate="0" bRecog="0"></CRecogUnit>
            </vecRecogUnit>
            
            <vecLineKeyWord></vecLineKeyWord>
            <vecCLocateAnchor></vecCLocateAnchor>
          </CLine>
        </vecLine>
      </CRegion>
    </vecRegion>
    <vecDeriveUnit>
      
    </vecDeriveUnit>
    <vecAnchor>
      <CAnchor nIndex="0" anchorPos="-1" anchorType="0" bEnable="0" nMinPos="-1" nMaxPos="-1" />
      <CAnchor nIndex="1" anchorPos="-1" anchorType="2" bEnable="0" nMinPos="-1" nMaxPos="-1" />
      <CAnchor nIndex="2" anchorPos="-1" anchorType="3" bEnable="0" nMinPos="-1" nMaxPos="-1" />
    </vecAnchor>
    <vecOutPutResult>
      <COutPutResult nIndex="0" cellRecogType="20" cellNameEng="Reserve" cellName="预留" nOutputThreshold="0" nOutputNumber="0" bFormatResult="0" />
      <COutPutResult nIndex="1" cellRecogType="20" cellNameEng="MRZ1" cellName="MRZ1" nOutputThreshold="0" nOutputNumber="0" bFormatResult="0" bMainField="1"/>
      <COutPutResult nIndex="2" cellRecogType="20" cellNameEng="MRZ2" cellName="MRZ2" nOutputThreshold="0" nOutputNumber="0" bFormatResult="0" bMainField="1"/>
    </vecOutPutResult>

  </CIDCardTemplate>

 </IDCARD>