<?xml version="1.0" encoding="utf-8"?>
<!DOCTYPE IDCARD SYSTEM "IDCARD.dtd">
<IDCARD>
 <CIDCardTemplate nMainDocumentID="4" chDocumentName="临时居民身份证" engDocumentName="China Temporary Resident Identity Card " imageSizeType="2">
    <vecAutoProcess>
	    <vecProcessMode nMode="0"> 			 
		    <CAutoProcess processType="25">
			  <PerspectiveTransformEx nType="99" nWidth="896" nHeight="569"/> 
		    </CAutoProcess>  
		</vecProcessMode>
        <vecProcessMode nMode="1"> 
			<!--CAutoProcess processType="23">
			  <CIDCardAutoProcessEx2 nCropType="4" nMaxAngle="0.3" nMinAngle="0.017" nFilledType="1" bIs180Rotate="0" bIsValid="0"  bSameSize="1"/> 
			</CAutoProcess-->
            <CAutoProcess processType="24">
			  <PerspectiveTransform nType="3" bIs180Rotate="1" bIsValid="1" nWidth="896" nHeight="569"/> 
			</CAutoProcess>			
		</vecProcessMode>
    </vecAutoProcess>
    <vecProcessImage>
    <CProcessImage processType="8">
      <CTiltCorrection nMaxAngle="0.3" bSameSize="1" nMinAngle="0.017" nFilledType="0" />
    </CProcessImage>
      <CProcessImage processType="3">
        <CEraseBlackBorderEx>
          <RECT Left="0" Top="0" Right="10000" Bottom="10000" />
          <RECT Left="2000" Top="2000" Right="8900" Bottom="8000" />
        </CEraseBlackBorderEx>
      </CProcessImage>
    </vecProcessImage>
    <vecRegion>
      <CRegion nIndex="0" nRegionType="0" nProcessOrder="0">
        <vecImageLightType>
          <LIGHTTYPE>1</LIGHTTYPE>
        </vecImageLightType>
        <CLocateRegion bAccurateLocate="1">
          <vecProcessImage>
            <CProcessImage processType="1">
              <CTrueColorToGrayEx nFilter="0">
                <RECT Top="0" Right="0" Bottom="0" Left="0" />
              </CTrueColorToGrayEx>
            </CProcessImage>
          </vecProcessImage>
          <RECT Left="6767" Top="1414" Right="9536" Bottom="7071" />
          <vecAnchorLocateInfo>
            <CAnchorLocateInfo nAnchorIndex="0" nDisToAnchor="6000" anchorType="1" />
            <CAnchorLocateInfo nAnchorIndex="0" nDisToAnchor="9766" anchorType="2" />
            <CAnchorLocateInfo nAnchorIndex="0" nDisToAnchor="1086" anchorType="3" />
            <CAnchorLocateInfo nAnchorIndex="0" nDisToAnchor="7900" anchorType="4" />
          </vecAnchorLocateInfo>
          <vecCLocateAnchor>
            <CLocateAnchor nDisToAnchor="0" nAnchorIndex="1" anchorType="1" />
            <CLocateAnchor nDisToAnchor="0" nAnchorIndex="2" anchorType="4" />
          </vecCLocateAnchor>
        </CLocateRegion>
      </CRegion>
      <!--姓名，性别，出生，地址-->
      <CRegion nIndex="1" nRegionType="1" nProcessOrder="1">
        <vecImageLightType>
          <LIGHTTYPE>1</LIGHTTYPE>
          <LIGHTTYPE>2</LIGHTTYPE>
        </vecImageLightType>
        <CLocateRegion bAccurateLocate="0">
          <vecProcessImage></vecProcessImage>
          <RECT Left="2300" Top="1350" Right="5100" Bottom="5200" />
          <vecAnchorLocateInfo>
            <CAnchorLocateInfo nAnchorIndex="0" nDisToAnchor="200" anchorType="1" />
            <CAnchorLocateInfo nAnchorIndex="1" nDisToAnchor="10" anchorType="2" />
            <CAnchorLocateInfo nAnchorIndex="0" nDisToAnchor="5633" anchorType="2" />
            <CAnchorLocateInfo nAnchorIndex="0" nDisToAnchor="380" anchorType="3" />
            <CAnchorLocateInfo nAnchorIndex="0" nDisToAnchor="5893" anchorType="4" />
          </vecAnchorLocateInfo>
          <vecCLocateAnchor></vecCLocateAnchor>
        </CLocateRegion>
        <CLocateLine>
          <RECT Left="0" Top="0" Right="100" Bottom="100" />
          <RECT Left="0" Top="0" Right="40" Bottom="100" />
          <CLocateInfo bEraseStart="0" nMinWHRatio="0" nMaxWHRatio="160" nSplitWHRatio="2000" bSplit="0" nNumType="0" bSpace="0" bWidth="0" bHeight="0" bRemoveLineNoise="0" nMinElementNum="4" nMaxElementNum="-1" nMinWidth="473" nMaxWidth="5801" nMinHeight="450" nMaxHeight="800" nMinSpace="30" nMaxSpace="761" bPostProcess="0">
            <vecCLocateMethod>
              <CLocateMethod nLocateMethod="0">
                <vecProcessImage>
                  <CProcessImage processType="1">
                    <CTrueColorToGrayEx nFilter="0">
                      <RECT Top="0" Right="0" Bottom="0" Left="0" />
                    </CTrueColorToGrayEx>
                  </CProcessImage>
                </vecProcessImage>
              </CLocateMethod>
            </vecCLocateMethod>
          </CLocateInfo>
          <positionPlus nLeftPlus="-120" nRightPlus="150" nTopPlus="-120" nBottomPlus="120" />
        </CLocateLine>
        <vecLine>
          <CLine nIndex="0" bStartOffset="1" bEndOffset="0" bExist="1" bNeedRecog="1" nCheckKeyWord="0">
            <RECT Left="0" Top="0" Right="0" Bottom="0" />
            <CRecogInfo bIgnorePoint="0" nMaxPointWidth="0" nMaxPointHeight="0" bMatchRegExp="0" charOrder="\S{1,-1}(.\S{1,-1})?" bConfirmParams="0">
              <CLocateInfo bEraseStart="0" nMinWHRatio="0" nMaxWHRatio="160" nSplitWHRatio="2000" bSplit="0" nNumType="0" bSpace="0" bWidth="0" bHeight="0" bRemoveLineNoise="0" nMinElementNum="2" nMaxElementNum="-1" nMinWidth="240" nMaxWidth="600" nMinHeight="60" nMaxHeight="850" nMinSpace="20" nMaxSpace="700" bPostProcess="0">
                <vecCLocateMethod>
                  <CLocateMethod nLocateMethod="1">
                    <vecProcessImage>
                      <CProcessImage processType="1">
                        <CTrueColorToGrayEx nFilter="0">
                          <RECT Top="0" Right="0" Bottom="0" Left="0"></RECT>
                        </CTrueColorToGrayEx>
                      </CProcessImage>
                      <CProcessImage processType="2">
                        <CGrayToBinaryEx>
                          <vecBinaryParam>
                            <BINARYPARAM nBlockNum="1" nMethod="3" />
                            <BINARYPARAM nBlockNum="1" nMethod="7" />
                          </vecBinaryParam>
                          <RECT Left="0" Top="0" Right="0" Bottom="0" />
                        </CGrayToBinaryEx>
                      </CProcessImage>
                    </vecProcessImage>
                  </CLocateMethod>
                </vecCLocateMethod>
              </CLocateInfo>
              <vecKernal>
                <CKernalInfo kernalMainType="1" nKernalSubType="7" nFilterType="1" nFillingMethod="1" strFilterPlus="" nRecogType="1" nRecogImgeType="0">
                  <vecCharRatio>
                    <CCharRatio strChars="" charType="1" nWHRatio="100" />
                  </vecCharRatio>
                </CKernalInfo>
              </vecKernal>
            </CRecogInfo>
            <vecRecogUnit>
              <CRecogUnit nIndex="1" bLocate="1" bRecog="1">
                <CLocateRecogUnit bStart="1" nStartIndexInChar="-1" bEnd="1" nEndIndexInChar="0">
                  <vecAnchorLocateInfo>
                    <CAnchorLocateInfo nAnchorIndex="3" nDisToAnchor="0" anchorType="1" />
                  </vecAnchorLocateInfo>
                </CLocateRecogUnit>
                <CRecogInfo bIgnorePoint="0" nMaxPointWidth="0" nMaxPointHeight="0" bMatchRegExp="0" charOrder="\S{1,-1}(.\S{1,-1})?" bConfirmParams="0">
                  <CLocateInfo bEraseStart="0" nMinWHRatio="0" nMaxWHRatio="160" nSplitWHRatio="2000" bSplit="0" nNumType="0" bSpace="0" bWidth="0" bHeight="0" bRemoveLineNoise="0" nMinElementNum="2" nMaxElementNum="-1" nMinWidth="240" nMaxWidth="600" nMinHeight="60" nMaxHeight="850" nMinSpace="20" nMaxSpace="700" bPostProcess="1">
                    <vecCLocateMethod>
                      <CLocateMethod nLocateMethod="1">
                        <vecProcessImage>
                          <CProcessImage processType="1">
                            <CTrueColorToGrayEx nFilter="0">
                              <RECT Top="0" Right="0" Bottom="0" Left="0"></RECT>
                            </CTrueColorToGrayEx>
                          </CProcessImage>
                          <CProcessImage processType="2">
                            <CGrayToBinaryEx>
                              <vecBinaryParam>
                                <BINARYPARAM nBlockNum="1" nMethod="3" />
                                <BINARYPARAM nBlockNum="1" nMethod="7" />
                              </vecBinaryParam>
                              <RECT Left="0" Top="0" Right="0" Bottom="0" />
                            </CGrayToBinaryEx>
                          </CProcessImage>
                        </vecProcessImage>
                      </CLocateMethod>
                    </vecCLocateMethod>
                  </CLocateInfo>
                  <vecKernal>
                    <CKernalInfo kernalMainType="1" nKernalSubType="7" nFilterType="1" nFillingMethod="1" strFilterPlus="" nRecogType="1" nRecogImgeType="0">
                      <vecCharRatio>
                        <CCharRatio strChars="" charType="1" nWHRatio="100" />
                      </vecCharRatio>
                    </CKernalInfo>
                  </vecKernal>
                </CRecogInfo>
              </CRecogUnit>
            </vecRecogUnit>
            <vecLineKeyWord>
              <CKeyWord nMinWidth="-1" nMaxHeight="-1" content="姓" nMinHeight="-1" nConfirmType="1" nMaxWidth="-1">
                <vecCLocateAnchor>
                  <CLocateAnchor nDisToAnchor="318" nAnchorIndex="3" anchorType="2" />
                </vecCLocateAnchor>
              </CKeyWord>
              <CKeyWord nMinWidth="-1" nMaxHeight="-1" content="名" nMinHeight="-1" nConfirmType="1" nMaxWidth="-1">
                <vecCLocateAnchor>
                  <CLocateAnchor nDisToAnchor="10" nAnchorIndex="3" anchorType="2" />
                </vecCLocateAnchor>
              </CKeyWord>
            </vecLineKeyWord>
            <vecCLocateAnchor></vecCLocateAnchor>
          </CLine>
          <CLine nIndex="1" bStartOffset="1" bEndOffset="0" bExist="1" bNeedRecog="1" nCheckKeyWord="0">
            <RECT Left="0" Top="0" Right="0" Bottom="0" />
            <CRecogInfo bIgnorePoint="0" nMaxPointWidth="0" nMaxPointHeight="0" bMatchRegExp="0" charOrder="[男女] (民族)?\S{1,5}" bConfirmParams="0">
              <CLocateInfo bEraseStart="0" nMinWHRatio="0" nMaxWHRatio="160" nSplitWHRatio="2000" bSplit="0" nNumType="0" bSpace="0" bWidth="0" bHeight="0" bRemoveLineNoise="0" nMinElementNum="2" nMaxElementNum="8" nMinWidth="200" nMaxWidth="460" nMinHeight="400" nMaxHeight="680" nMinSpace="58" nMaxSpace="2200" bPostProcess="0">
                <vecCLocateMethod>
                  <CLocateMethod nLocateMethod="1">
                    <vecProcessImage>
                      <CProcessImage processType="1">
                        <CTrueColorToGrayEx nFilter="0">
                          <RECT Top="0" Right="0" Bottom="0" Left="0"></RECT>
                        </CTrueColorToGrayEx>
                      </CProcessImage>
                      <CProcessImage processType="2">
                        <CGrayToBinaryEx>
                          <vecBinaryParam>
                            <BINARYPARAM nBlockNum="1" nMethod="7" />
                            <BINARYPARAM nBlockNum="1" nMethod="3" />
                          </vecBinaryParam>
                          <RECT Left="0" Top="0" Right="0" Bottom="0" />
                        </CGrayToBinaryEx>
                      </CProcessImage>
                    </vecProcessImage>
                  </CLocateMethod>
                </vecCLocateMethod>
              </CLocateInfo>
              <vecKernal>
                <CKernalInfo kernalMainType="1" nKernalSubType="7" nFilterType="1" nFillingMethod="1" strFilterPlus="" nRecogType="1" nRecogImgeType="0">
                  <vecCharRatio>
                    <CCharRatio strChars="" charType="1" nWHRatio="100" />
                  </vecCharRatio>
                </CKernalInfo>
              </vecKernal>
            </CRecogInfo>
            <vecRecogUnit>
              <CRecogUnit nIndex="2" bLocate="1" bRecog="1">
                <CLocateRecogUnit bStart="1" nStartIndexInChar="-1" bEnd="1" nEndIndexInChar="-1">
                  <vecAnchorLocateInfo>
                    <CAnchorLocateInfo nAnchorIndex="3" nDisToAnchor="0" anchorType="1" />
                    <CAnchorLocateInfo nAnchorIndex="4" nDisToAnchor="-656" anchorType="2" />
                    <CAnchorLocateInfo nAnchorIndex="3" nDisToAnchor="931" anchorType="2" />
                  </vecAnchorLocateInfo>
                </CLocateRecogUnit>
                <CRecogInfo bIgnorePoint="0" nMaxPointWidth="0" nMaxPointHeight="0" bMatchRegExp="0" charOrder="[男女]" bConfirmParams="0">
                  <CLocateInfo bEraseStart="0" nMinWHRatio="0" nMaxWHRatio="160" nSplitWHRatio="2000" bSplit="0" nNumType="0" bSpace="0" bWidth="0" bHeight="0" bRemoveLineNoise="0" nMinElementNum="1" nMaxElementNum="1" nMinWidth="200" nMaxWidth="460" nMinHeight="400" nMaxHeight="680" nMinSpace="0" nMaxSpace="0" bPostProcess="1">
                    <vecCLocateMethod>
                      <CLocateMethod nLocateMethod="1">
                        <vecProcessImage>
                          <CProcessImage processType="1">
                            <CTrueColorToGrayEx nFilter="0">
                              <RECT Top="0" Right="0" Bottom="0" Left="0"></RECT>
                            </CTrueColorToGrayEx>
                          </CProcessImage>
                          <CProcessImage processType="2">
                            <CGrayToBinaryEx>
                              <vecBinaryParam>
                                <BINARYPARAM nBlockNum="1" nMethod="7" />
                                <BINARYPARAM nBlockNum="1" nMethod="3" />
                              </vecBinaryParam>
                              <RECT Left="0" Top="0" Right="0" Bottom="0" />
                            </CGrayToBinaryEx>
                          </CProcessImage>
                        </vecProcessImage>
                      </CLocateMethod>
                    </vecCLocateMethod>
                  </CLocateInfo>
                  <vecKernal>
                    <CKernalInfo kernalMainType="1" nKernalSubType="7" nFilterType="1" nFillingMethod="1" strFilterPlus="" nRecogType="1" nRecogImgeType="0">
                      <vecCharRatio>
                        <CCharRatio strChars="" charType="1" nWHRatio="100" />
                      </vecCharRatio>
                    </CKernalInfo>
                  </vecKernal>
                </CRecogInfo>
              </CRecogUnit>
              <CRecogUnit nIndex="3" bRecog="1" bLocate="1">
                <CLocateRecogUnit bStart="1" nStartIndexInChar="-1" bEnd="1" nEndIndexInChar="0">
                  <vecAnchorLocateInfo>
                    <CAnchorLocateInfo nAnchorIndex="4" nDisToAnchor="5" anchorType="1" />
                    <CAnchorLocateInfo nDisToAnchor="1352" nAnchorIndex="3" anchorType="1" />
                  </vecAnchorLocateInfo>
                </CLocateRecogUnit>
                <CRecogInfo bIgnorePoint="0" nMaxPointWidth="0" nMaxPointHeight="0" bMatchRegExp="0" charOrder="\S{1,5}" bConfirmParams="0">
                  <CLocateInfo bEraseStart="0" nMinWHRatio="0" nMaxWHRatio="160" nSplitWHRatio="2000" bSplit="0" nNumType="0" bSpace="0" bWidth="0" bHeight="0" bRemoveLineNoise="0" nMinElementNum="1" nMaxElementNum="5" nMinWidth="200" nMaxWidth="460" nMinHeight="400" nMaxHeight="680" nMinSpace="0" nMaxSpace="300" bPostProcess="1">
                    <vecCLocateMethod>
                      <CLocateMethod nLocateMethod="1">
                        <vecProcessImage>
                          <CProcessImage processType="1">
                            <CTrueColorToGrayEx nFilter="0">
                              <RECT Top="0" Right="0" Bottom="0" Left="0"></RECT>
                            </CTrueColorToGrayEx>
                          </CProcessImage>
                          <CProcessImage processType="2">
                            <CGrayToBinaryEx>
                              <vecBinaryParam>
                                <BINARYPARAM nBlockNum="1" nMethod="7" />
                                <BINARYPARAM nBlockNum="1" nMethod="3" />
                              </vecBinaryParam>
                              <RECT Left="0" Top="0" Right="0" Bottom="0" />
                            </CGrayToBinaryEx>
                          </CProcessImage>
                        </vecProcessImage>
                      </CLocateMethod>
                    </vecCLocateMethod>
                  </CLocateInfo>
                  <vecKernal>
                    <CKernalInfo kernalMainType="1" nKernalSubType="7" nFilterType="1" nFillingMethod="1" strFilterPlus="" nRecogType="1" nRecogImgeType="0">
                      <vecCharRatio>
                        <CCharRatio strChars="" charType="1" nWHRatio="100" />
                      </vecCharRatio>
                    </CKernalInfo>
                  </vecKernal>
                </CRecogInfo>
              </CRecogUnit>
            </vecRecogUnit>
            <vecLineKeyWord>
              <CKeyWord nMinWidth="-1" nMaxHeight="-1" content="别" nMinHeight="-1" nConfirmType="1" nMaxWidth="-1">
                <vecCLocateAnchor>
                  <CLocateAnchor nDisToAnchor="10" nAnchorIndex="3" anchorType="2" />
                </vecCLocateAnchor>
              </CKeyWord>
              <CKeyWord nMinWidth="-1" nMaxHeight="-1" content="性" nMinHeight="-1" nConfirmType="1" nMaxWidth="-1">
                <vecCLocateAnchor>
                  <CLocateAnchor nDisToAnchor="318" nAnchorIndex="3" anchorType="2" />
                </vecCLocateAnchor>
              </CKeyWord>
              <CKeyWord nMinWidth="-1" nMaxHeight="-1" content="族" nMinHeight="-1" nConfirmType="1" nMaxWidth="-1">
                <vecCLocateAnchor>
                  <CLocateAnchor nDisToAnchor="0" nAnchorIndex="4" anchorType="2" />
                </vecCLocateAnchor>
              </CKeyWord>
              <CKeyWord nMinWidth="-1" nMaxHeight="-1" content="民" nMinHeight="-1" nConfirmType="1" nMaxWidth="-1">
                <vecCLocateAnchor>
                  <CLocateAnchor nDisToAnchor="310" nAnchorIndex="4" anchorType="2" />
                </vecCLocateAnchor>
              </CKeyWord>
            </vecLineKeyWord>
            <vecCLocateAnchor></vecCLocateAnchor>
          </CLine>
          <CLine nIndex="2" bStartOffset="1" bEndOffset="0" bExist="1" bNeedRecog="0" nCheckKeyWord="0">
            <RECT Left="0" Top="0" Right="0" Bottom="0" />
            <vecRecogUnit></vecRecogUnit>
            <vecLineKeyWord></vecLineKeyWord>
            <vecCLocateAnchor></vecCLocateAnchor>
          </CLine>
          <CLine nIndex="3" bStartOffset="1" bEndOffset="0" bExist="1" bNeedRecog="1" nCheckKeyWord="1">
            <RECT Left="0" Top="0" Right="0" Bottom="0" />
            <CRecogInfo bIgnorePoint="0" nMaxPointWidth="0" nMaxPointHeight="0" bMatchRegExp="0" charOrder="\S{6,-1}[\S\DABC\(\)-]{1,-1}" bConfirmParams="0">
              <CLocateInfo bEraseStart="0" nMinWHRatio="0" nMaxWHRatio="160" nSplitWHRatio="2000" bSplit="0" nNumType="0" bSpace="0" bWidth="0" bHeight="0" bRemoveLineNoise="0" nMinElementNum="1" nMaxElementNum="-1" nMinWidth="60" nMaxWidth="500" nMinHeight="30" nMaxHeight="650" nMinSpace="0" nMaxSpace="300" bPostProcess="1">
                <vecCLocateMethod>
                  <CLocateMethod nLocateMethod="1">
                    <vecProcessImage>
                      <CProcessImage processType="1">
                        <CTrueColorToGrayEx nFilter="0">
                          <RECT Top="0" Right="0" Bottom="0" Left="0"></RECT>
                        </CTrueColorToGrayEx>
                      </CProcessImage>
                      <CProcessImage processType="2">
                        <CGrayToBinaryEx>
                          <vecBinaryParam>
                            <BINARYPARAM nBlockNum="1" nMethod="3" />
                            <BINARYPARAM nBlockNum="2" nMethod="7" />
                          </vecBinaryParam>
                          <RECT Left="0" Top="0" Right="0" Bottom="0" />
                        </CGrayToBinaryEx>
                      </CProcessImage>
                    </vecProcessImage>
                  </CLocateMethod>
                </vecCLocateMethod>
              </CLocateInfo>
              <vecKernal>
                <CKernalInfo kernalMainType="1" nKernalSubType="7" nFilterType="1" nFillingMethod="1" strFilterPlus="" nRecogType="1" nRecogImgeType="0">
                  <vecCharRatio>
					<CCharRatio strChars="" charType="1" nWHRatio="100" />
                    <CCharRatio strChars="ABCD" charType="10" nWHRatio="70" />
                    <CCharRatio strChars="-一" charType="10" nWHRatio="500" />
                    <CCharRatio strChars="1" charType="10" nWHRatio="30" />
                    <CCharRatio strChars="3" charType="10" nWHRatio="60" />
                     <CCharRatio strChars="" charType="2" nWHRatio="60" />
                  </vecCharRatio>
                </CKernalInfo>
              </vecKernal>
            </CRecogInfo>
            <vecRecogUnit>
              <CRecogUnit nIndex="5" bLocate="1" bRecog="1">
                <CLocateRecogUnit bStart="1" nStartIndexInChar="2" bEnd="1" nEndIndexInChar="0">
                  <vecAnchorLocateInfo>
                    <CAnchorLocateInfo nAnchorIndex="3" nDisToAnchor="10" anchorType="1" />
                  </vecAnchorLocateInfo>
                </CLocateRecogUnit>
                <CRecogInfo bIgnorePoint="0" nMaxPointWidth="0" nMaxPointHeight="0" bMatchRegExp="0" charOrder="\S{6,-1}[\S\DABC\(\)-]{1,-1}" bConfirmParams="0">
                  <CLocateInfo bEraseStart="0" nMinWHRatio="0" nMaxWHRatio="160" nSplitWHRatio="2000" bSplit="0" nNumType="0" bSpace="0" bWidth="0" bHeight="0" bRemoveLineNoise="0" nMinElementNum="1" nMaxElementNum="-1" nMinWidth="60" nMaxWidth="400" nMinHeight="30" nMaxHeight="650" nMinSpace="0" nMaxSpace="300" bPostProcess="1">
                    <vecCLocateMethod>
                      <CLocateMethod nLocateMethod="1">
                        <vecProcessImage>
                          <CProcessImage processType="1">
                            <CTrueColorToGrayEx nFilter="0">
                              <RECT Top="0" Right="0" Bottom="0" Left="0"></RECT>
                            </CTrueColorToGrayEx>
                          </CProcessImage>
                          <CProcessImage processType="2">
                            <CGrayToBinaryEx>
                              <vecBinaryParam>
                                <BINARYPARAM nBlockNum="1" nMethod="3" />
                                <BINARYPARAM nBlockNum="2" nMethod="7" />
                              </vecBinaryParam>
                              <RECT Left="0" Top="0" Right="0" Bottom="0" />
                            </CGrayToBinaryEx>
                          </CProcessImage>
                        </vecProcessImage>
                      </CLocateMethod>
                    </vecCLocateMethod>
                  </CLocateInfo>
                  <vecKernal>
                    <CKernalInfo kernalMainType="1" nKernalSubType="7" nFilterType="1" nFillingMethod="1" strFilterPlus="" nRecogType="1" nRecogImgeType="0">
                      <vecCharRatio>
						<CCharRatio strChars="" charType="1" nWHRatio="90" />
						<CCharRatio strChars="" charType="2" nWHRatio="60" />
                        <CCharRatio strChars="ABCD" charType="10" nWHRatio="70" />
                        <CCharRatio strChars="-一" charType="10" nWHRatio="500" />
                        <CCharRatio strChars="1" charType="10" nWHRatio="30" />
                        <CCharRatio strChars="3" charType="10" nWHRatio="60" />
                      </vecCharRatio>
                    </CKernalInfo>
                  </vecKernal>
                </CRecogInfo>
              </CRecogUnit>
            </vecRecogUnit>
            <vecLineKeyWord>
              <CKeyWord nMinWidth="-1" nMaxHeight="-1" content="住" nMinHeight="-1" nConfirmType="1" nMaxWidth="-1">
                <vecCLocateAnchor>
                  <CLocateAnchor nDisToAnchor="318" nAnchorIndex="3" anchorType="2" />
                </vecCLocateAnchor>
              </CKeyWord>
              <CKeyWord nMinWidth="-1" nMaxHeight="-1" content="址" nMinHeight="-1" nConfirmType="1" nMaxWidth="-1">
                <vecCLocateAnchor>
                  <CLocateAnchor nDisToAnchor="10" nAnchorIndex="3" anchorType="2" />
                </vecCLocateAnchor>
              </CKeyWord>
            </vecLineKeyWord>
            <vecCLocateAnchor></vecCLocateAnchor>
          </CLine>
          <CLine nIndex="4" bStartOffset="1" bEndOffset="0" bExist="0" bNeedRecog="0" nCheckKeyWord="0">
            <RECT Left="0" Top="0" Right="0" Bottom="0" />
            <vecRecogUnit>
              <CRecogUnit nIndex="5" bLocate="1" bRecog="1">
                <CLocateRecogUnit bStart="1" nStartIndexInChar="2" bEnd="1" nEndIndexInChar="0">
                  <vecAnchorLocateInfo>
                    <CAnchorLocateInfo nAnchorIndex="3" nDisToAnchor="10" anchorType="1" />
                  </vecAnchorLocateInfo>
                </CLocateRecogUnit>
                <CRecogInfo bIgnorePoint="0" nMaxPointWidth="0" nMaxPointHeight="0" bMatchRegExp="0" charOrder="[\S\DABC\(\)-]{1,-1}" bConfirmParams="0">
                  <CLocateInfo bEraseStart="0" nMinWHRatio="0" nMaxWHRatio="160" nSplitWHRatio="2000" bSplit="0" nNumType="0" bSpace="0" bWidth="0" bHeight="0" bRemoveLineNoise="0" nMinElementNum="1" nMaxElementNum="-1" nMinWidth="60" nMaxWidth="400" nMinHeight="30" nMaxHeight="650" nMinSpace="0" nMaxSpace="300" bPostProcess="1">
                    <vecCLocateMethod>
                      <CLocateMethod nLocateMethod="1">
                        <vecProcessImage>
                          <CProcessImage processType="1">
                            <CTrueColorToGrayEx nFilter="0">
                              <RECT Top="0" Right="0" Bottom="0" Left="0"></RECT>
                            </CTrueColorToGrayEx>
                          </CProcessImage>
                          <CProcessImage processType="2">
                            <CGrayToBinaryEx>
                              <vecBinaryParam>
                                <BINARYPARAM nBlockNum="1" nMethod="3" />
                                <BINARYPARAM nBlockNum="1" nMethod="7" />
                              </vecBinaryParam>
                              <RECT Left="0" Top="0" Right="0" Bottom="0" />
                            </CGrayToBinaryEx>
                          </CProcessImage>
                        </vecProcessImage>
                      </CLocateMethod>
                    </vecCLocateMethod>
                  </CLocateInfo>
                  <vecKernal>
                    <CKernalInfo kernalMainType="1" nKernalSubType="7" nFilterType="1" nFillingMethod="1" strFilterPlus="" nRecogType="1" nRecogImgeType="0">
                      <vecCharRatio>
                        <CCharRatio strChars="" charType="1" nWHRatio="90" />
                        <CCharRatio strChars="" charType="2" nWHRatio="60" />
                        <CCharRatio strChars="ABCD" charType="10" nWHRatio="70" />
                        <CCharRatio strChars="-一" charType="10" nWHRatio="500" />
                        <CCharRatio strChars="1" charType="10" nWHRatio="30" />
                        <CCharRatio strChars="3" charType="10" nWHRatio="60" />
                      </vecCharRatio>
                    </CKernalInfo>
                  </vecKernal>
                </CRecogInfo>
              </CRecogUnit>
            </vecRecogUnit>
            <vecLineKeyWord></vecLineKeyWord>
            <vecCLocateAnchor></vecCLocateAnchor>
          </CLine>
        </vecLine>
      </CRegion>
      <!--身份号码-->
      <CRegion nIndex="2" nRegionType="1" nProcessOrder="2">
        <vecImageLightType>
          <LIGHTTYPE>1</LIGHTTYPE>
          <LIGHTTYPE>2</LIGHTTYPE>
        </vecImageLightType>
        <CLocateRegion bAccurateLocate="0">
          <vecProcessImage></vecProcessImage>
          <RECT Left="503" Top="8550" Right="9600" Bottom="9300" />
          <vecAnchorLocateInfo>
            <CAnchorLocateInfo nAnchorIndex="0" nDisToAnchor="244" anchorType="1" />
            <CAnchorLocateInfo nAnchorIndex="0" nDisToAnchor="9900" anchorType="2" />
            <CAnchorLocateInfo nAnchorIndex="0" nDisToAnchor="8000" anchorType="3" />
            <CAnchorLocateInfo nAnchorIndex="2" nDisToAnchor="150" anchorType="3" />
            <CAnchorLocateInfo nAnchorIndex="0" nDisToAnchor="9850" anchorType="4" />
          </vecAnchorLocateInfo>
          <vecCLocateAnchor></vecCLocateAnchor>
        </CLocateRegion>
        <CLocateLine>
          <RECT Left="0" Top="0" Right="100" Bottom="100" />
          <RECT Left="0" Top="0" Right="100" Bottom="100" />
          <CLocateInfo bEraseStart="0" nMinWHRatio="0" nMaxWHRatio="160" nSplitWHRatio="2000" bSplit="0" nNumType="0" bSpace="0" bWidth="0" bHeight="0" bRemoveLineNoise="0" nMinElementNum="1" nMaxElementNum="1" nMinWidth="6000" nMaxWidth="9800" nMinHeight="476" nMaxHeight="857" nMinSpace="50" nMaxSpace="300" bPostProcess="0">
            <vecCLocateMethod>
              <CLocateMethod nLocateMethod="0">
                <vecProcessImage>
                  <CProcessImage processType="1">
                    <CTrueColorToGrayEx nFilter="0">
                      <RECT Top="0" Right="0" Bottom="0" Left="0" />
                    </CTrueColorToGrayEx>
                  </CProcessImage>
                </vecProcessImage>
              </CLocateMethod>
            </vecCLocateMethod>
          </CLocateInfo>
          <positionPlus nLeftPlus="-120" nRightPlus="120" nTopPlus="-120" nBottomPlus="150" />
        </CLocateLine>
        <vecLine>
          <CLine nIndex="0" bStartOffset="1" bEndOffset="0" bExist="1" bNeedRecog="1" nCheckKeyWord="0">
            <RECT Left="0" Top="0" Right="0" Bottom="0" />
            <CRecogInfo bIgnorePoint="0" nMaxPointWidth="0" nMaxPointHeight="0" bMatchRegExp="0" charOrder="\S{6}\D{17}[\DX]" bConfirmParams="0">
              <CLocateInfo bEraseStart="0" nMinWHRatio="0" nMaxWHRatio="160" nSplitWHRatio="2000" bSplit="0" nNumType="0" bSpace="0" bWidth="0" bHeight="1" bRemoveLineNoise="0" nMinElementNum="15" nMaxElementNum="-1" nMinWidth="60" nMaxWidth="500" nMinHeight="400" nMaxHeight="600" nMinSpace="40" nMaxSpace="820" bPostProcess="1">
                <vecCLocateMethod>
                  <CLocateMethod nLocateMethod="1">
                    <vecProcessImage>
                      <CProcessImage processType="1">
                        <CTrueColorToGrayEx nFilter="0">
                          <RECT Top="0" Right="0" Bottom="0" Left="0"></RECT>
                        </CTrueColorToGrayEx>
                      </CProcessImage>
                      <CProcessImage processType="2">
                        <CGrayToBinaryEx>
                          <vecBinaryParam>
                            <BINARYPARAM nBlockNum="1" nMethod="3" />
                          </vecBinaryParam>
                          <RECT Left="0" Top="0" Right="0" Bottom="0" />
                        </CGrayToBinaryEx>
                      </CProcessImage>
                    </vecProcessImage>
                  </CLocateMethod>
                </vecCLocateMethod>
              </CLocateInfo>
              <vecKernal>
                <CKernalInfo kernalMainType="1" nKernalSubType="7" nFilterType="1" nFillingMethod="0" strFilterPlus="" nRecogType="1" nRecogImgeType="0">
                  <vecCharRatio>
                    <CCharRatio strChars="" charType="1" nWHRatio="100" />
                     <CCharRatio strChars="" charType="2" nWHRatio="62" />
                  </vecCharRatio>
                </CKernalInfo>
              </vecKernal>
            </CRecogInfo>
            <vecRecogUnit>
              <CRecogUnit nIndex="6" bLocate="1" bRecog="1">
                <CLocateRecogUnit bStart="1" nStartIndexInChar="-1" bEnd="1" nEndIndexInChar="-1">
                  <vecAnchorLocateInfo>
                    <CAnchorLocateInfo nDisToAnchor="0" nAnchorIndex="5" anchorType="1" />
                    <CAnchorLocateInfo nDisToAnchor="5700" nAnchorIndex="5" anchorType="2" />
                    <CAnchorLocateInfo nDisToAnchor="8200" nAnchorIndex="0" anchorType="2" />
                  </vecAnchorLocateInfo>
                </CLocateRecogUnit>
                <CRecogInfo bIgnorePoint="0" nMaxPointWidth="0" nMaxPointHeight="0" bMatchRegExp="1" charOrder="\D{17}[\DX]" bConfirmParams="0">
                  <CLocateInfo bEraseStart="0" nMinWHRatio="0" nMaxWHRatio="100" nSplitWHRatio="2000" bSplit="0" nNumType="0" bSpace="0" bWidth="0" bHeight="1" bRemoveLineNoise="0" nMinElementNum="18" nMaxElementNum="18" nMinWidth="60" nMaxWidth="380" nMinHeight="400" nMaxHeight="620" nMinSpace="0" nMaxSpace="230" bPostProcess="1">
                    <vecCLocateMethod>
                      <CLocateMethod nLocateMethod="1">
                        <vecProcessImage>
                          <CProcessImage processType="1">
                            <CTrueColorToGrayEx nFilter="5">
                              <RECT Top="0" Right="0" Bottom="0" Left="0"></RECT>
                            </CTrueColorToGrayEx>
                          </CProcessImage>
                          <CProcessImage processType="2">
                            <CGrayToBinaryEx>
                              <vecBinaryParam>
                                <BINARYPARAM nBlockNum="1" nMethod="3" />
                              </vecBinaryParam>
                              <RECT Left="0" Top="0" Right="0" Bottom="0" />
                            </CGrayToBinaryEx>
                          </CProcessImage>
                        </vecProcessImage>
                      </CLocateMethod>
                      <CLocateMethod nLocateMethod="1">
                        <vecProcessImage>
                          <CProcessImage processType="1">
                            <CTrueColorToGrayEx nFilter="0">
                              <RECT Top="0" Right="0" Bottom="0" Left="0"></RECT>
                            </CTrueColorToGrayEx>
                          </CProcessImage>
                          <CProcessImage processType="2">
                            <CGrayToBinaryEx>
                              <vecBinaryParam>
                                <BINARYPARAM nBlockNum="1" nMethod="6" />
                              </vecBinaryParam>
                              <RECT Left="0" Top="0" Right="0" Bottom="0" />
                            </CGrayToBinaryEx>
                          </CProcessImage>
                        </vecProcessImage>
                      </CLocateMethod>
                    </vecCLocateMethod>
                  </CLocateInfo>
                  <vecKernal>
                    <CKernalInfo kernalMainType="1" nKernalSubType="7" nFilterType="256" nFillingMethod="0" strFilterPlus="" nRecogType="1" nRecogImgeType="0">
                      <vecCharRatio>
                        <CCharRatio strChars="" charType="2" nWHRatio="62" />
                        <CCharRatio strChars="1" charType="10" nWHRatio="35" />
                        <CCharRatio strChars="X" charType="10" nWHRatio="62" />
                      </vecCharRatio>
                    </CKernalInfo>
                  </vecKernal>
                </CRecogInfo>
              </CRecogUnit>
            </vecRecogUnit>
            <vecLineKeyWord>
              <CKeyWord nMinWidth="-1" nMaxHeight="-1" content="码" nMinHeight="-1" nConfirmType="1" nMaxWidth="-1">
                <vecCLocateAnchor>
                  <CLocateAnchor nDisToAnchor="0" nAnchorIndex="5" anchorType="2" />
                </vecCLocateAnchor>
              </CKeyWord>
              <CKeyWord nMinWidth="-1" nMaxHeight="-1" content="号" nMinHeight="-1" nConfirmType="1" nMaxWidth="-1">
                <vecCLocateAnchor>
                  <CLocateAnchor nDisToAnchor="343" nAnchorIndex="5" anchorType="2" />
                </vecCLocateAnchor>
              </CKeyWord>
              <CKeyWord nMinWidth="-1" nMaxHeight="-1" content="份" nMinHeight="-1" nConfirmType="1" nMaxWidth="-1">
                <vecCLocateAnchor>
                  <CLocateAnchor nDisToAnchor="686" nAnchorIndex="5" anchorType="2" />
                </vecCLocateAnchor>
              </CKeyWord>
              <CKeyWord nMinWidth="-1" nMaxHeight="-1" content="身" nMinHeight="-1" nConfirmType="1" nMaxWidth="-1">
                <vecCLocateAnchor>
                  <CLocateAnchor nDisToAnchor="1029" nAnchorIndex="5" anchorType="2" />
                </vecCLocateAnchor>
              </CKeyWord>
              <CKeyWord nMinWidth="-1" nMaxHeight="-1" content="民" nMinHeight="-1" nConfirmType="1" nMaxWidth="-1">
                <vecCLocateAnchor>
                  <CLocateAnchor nDisToAnchor="1372" nAnchorIndex="5" anchorType="2" />
                </vecCLocateAnchor>
              </CKeyWord>
              <CKeyWord nMinWidth="-1" nMaxHeight="-1" content="公" nMinHeight="-1" nConfirmType="1" nMaxWidth="-1">
                <vecCLocateAnchor>
                  <CLocateAnchor nDisToAnchor="1715" nAnchorIndex="5" anchorType="2" />
                </vecCLocateAnchor>
              </CKeyWord>
            </vecLineKeyWord>
            <vecCLocateAnchor>
              <CLocateAnchor nDisToAnchor="0" nAnchorIndex="6" anchorType="3" />
            </vecCLocateAnchor>
          </CLine>
        </vecLine>
      </CRegion>
      <!--有效期限，签发机关-->
      <CRegion nIndex="3" nRegionType="1" nProcessOrder="3">
        <vecImageLightType>
          <LIGHTTYPE>1</LIGHTTYPE>
          <LIGHTTYPE>2</LIGHTTYPE>
        </vecImageLightType>
        <CLocateRegion bAccurateLocate="0">
          <vecProcessImage></vecProcessImage>
          <RECT Left="9900" Top="9900" Right="0" Bottom="0" />
          <vecAnchorLocateInfo>
            <CAnchorLocateInfo nAnchorIndex="0" nDisToAnchor="200" anchorType="1" />
            <CAnchorLocateInfo nAnchorIndex="1" nDisToAnchor="-10" anchorType="2" />
            <CAnchorLocateInfo nAnchorIndex="0" nDisToAnchor="5633" anchorType="2" />
            <CAnchorLocateInfo nAnchorIndex="6" nDisToAnchor="-2524" anchorType="3" />
            <CAnchorLocateInfo nAnchorIndex="0" nDisToAnchor="5893" anchorType="3" />
            <CAnchorLocateInfo nAnchorIndex="6" nDisToAnchor="-100" anchorType="4" />
            <CAnchorLocateInfo nAnchorIndex="0" nDisToAnchor="8052" anchorType="4" />
          </vecAnchorLocateInfo>
          <vecCLocateAnchor></vecCLocateAnchor>
        </CLocateRegion>
        <CLocateLine>
          <RECT Left="0" Top="0" Right="100" Bottom="100" />
          <RECT Left="0" Top="0" Right="100" Bottom="100" />
          <CLocateInfo bEraseStart="0" nMinWHRatio="0" nMaxWHRatio="160" nSplitWHRatio="2000" bSplit="0" nNumType="0" bSpace="0" bWidth="0" bHeight="0" bRemoveLineNoise="0" nMinElementNum="2" nMaxElementNum="2" nMinWidth="2500" nMaxWidth="5000" nMinHeight="320" nMaxHeight="450" nMinSpace="300" nMaxSpace="476" bPostProcess="0">
            <vecCLocateMethod>
              <CLocateMethod nLocateMethod="0">
                <vecProcessImage>
                  <CProcessImage processType="1">
                    <CTrueColorToGrayEx nFilter="0">
                      <RECT Top="0" Right="0" Bottom="0" Left="0" />
                    </CTrueColorToGrayEx>
                  </CProcessImage>
                </vecProcessImage>
              </CLocateMethod>
            </vecCLocateMethod>
          </CLocateInfo>
          <positionPlus nLeftPlus="-120" nRightPlus="120" nTopPlus="-120" nBottomPlus="120" />
        </CLocateLine>
        <vecLine>
          <CLine nIndex="0" bStartOffset="1" bEndOffset="0" bExist="1" bNeedRecog="1" nCheckKeyWord="0">
            <RECT Left="0" Top="0" Right="0" Bottom="0" />
            <CRecogInfo bIgnorePoint="0" nMaxPointWidth="0" nMaxPointHeight="0" bMatchRegExp="1" charOrder="\S{4}\D{8}-\D{8}" bConfirmParams="0">
              <CLocateInfo bEraseStart="0" nMinWHRatio="0" nMaxWHRatio="160" nSplitWHRatio="2000" bSplit="0" nNumType="0" bSpace="0" bWidth="0" bHeight="0" bRemoveLineNoise="0" nMinElementNum="21" nMaxElementNum="21" nMinWidth="40" nMaxWidth="378" nMinHeight="45" nMaxHeight="571" nMinSpace="20" nMaxSpace="400" bPostProcess="0">
                <vecCLocateMethod>
                  <CLocateMethod nLocateMethod="1">
                    <vecProcessImage>
                      <CProcessImage processType="1">
                        <CTrueColorToGrayEx nFilter="0">
                          <RECT Top="0" Right="0" Bottom="0" Left="0"></RECT>
                        </CTrueColorToGrayEx>
                      </CProcessImage>
                      <CProcessImage processType="2">
                        <CGrayToBinaryEx>
                          <vecBinaryParam>
                            <BINARYPARAM nBlockNum="1" nMethod="3" />
                            <BINARYPARAM nBlockNum="1" nMethod="7" />
                          </vecBinaryParam>
                          <RECT Left="0" Top="0" Right="0" Bottom="0" />
                        </CGrayToBinaryEx>
                      </CProcessImage>
                    </vecProcessImage>
                  </CLocateMethod>
                </vecCLocateMethod>
              </CLocateInfo>
              <vecKernal>
                <CKernalInfo kernalMainType="1" nKernalSubType="7" nFilterType="1" nFillingMethod="1" strFilterPlus="" nRecogType="1" nRecogImgeType="0">
                  <vecCharRatio>
                    <CCharRatio strChars="" charType="1" nWHRatio="100" />
                      <CCharRatio strChars="" charType="2" nWHRatio="60" />
                  </vecCharRatio>
                </CKernalInfo>
              </vecKernal>
            </CRecogInfo>
            <vecRecogUnit>
              <CRecogUnit nIndex="8" bLocate="1" bRecog="1">
                <CLocateRecogUnit bStart="1" nStartIndexInChar="-1" bEnd="1" nEndIndexInChar="0">
                  <vecAnchorLocateInfo>
                    <CAnchorLocateInfo nAnchorIndex="7" nDisToAnchor="0" anchorType="1" />
                    <CAnchorLocateInfo nAnchorIndex="1" nDisToAnchor="-60" anchorType="2"/>
                  </vecAnchorLocateInfo>
                </CLocateRecogUnit>
                <CRecogInfo bIgnorePoint="1" nMaxPointWidth="55" nMaxPointHeight="80" bMatchRegExp="1" charOrder="\D{8}-\D{8}" bConfirmParams="0">
                  <CLocateInfo bEraseStart="0" nMinWHRatio="0" nMaxWHRatio="100" nSplitWHRatio="2000" bSplit="0" nNumType="0" bSpace="0" bWidth="0" bHeight="0" bRemoveLineNoise="0" nMinElementNum="17" nMaxElementNum="17" nMinWidth="80" nMaxWidth="200" nMinHeight="40" nMaxHeight="571" nMinSpace="0" nMaxSpace="400" bPostProcess="1">
                    <vecCLocateMethod>
                      <CLocateMethod nLocateMethod="1">
                        <vecProcessImage>
                          <CProcessImage processType="1">
                            <CTrueColorToGrayEx nFilter="0">
                              <RECT Top="0" Right="0" Bottom="0" Left="0"></RECT>
                            </CTrueColorToGrayEx>
                          </CProcessImage>
                          <CProcessImage processType="2">
                            <CGrayToBinaryEx>
                              <vecBinaryParam>
                                <BINARYPARAM nBlockNum="1" nMethod="3" />
                                <BINARYPARAM nBlockNum="1" nMethod="7" />
                              </vecBinaryParam>
                              <RECT Left="0" Top="0" Right="0" Bottom="0" />
                            </CGrayToBinaryEx>
                          </CProcessImage>
                        </vecProcessImage>
                      </CLocateMethod>
                    </vecCLocateMethod>
                  </CLocateInfo>
                  <vecKernal>
                    <CKernalInfo kernalMainType="1" nKernalSubType="7" nFilterType="256" nFillingMethod="1" strFilterPlus="" nRecogType="1" nRecogImgeType="0">
                      <vecCharRatio>
                        <CCharRatio strChars="" charType="2" nWHRatio="60" />
                        <CCharRatio strChars="-" charType="10" nWHRatio="200" />
                      </vecCharRatio>
                    </CKernalInfo>
                  </vecKernal>
                </CRecogInfo>
              </CRecogUnit>
            </vecRecogUnit>
            <vecLineKeyWord>
              <CKeyWord nMinWidth="-1" nMaxHeight="-1" content="限" nMinHeight="-1" nConfirmType="1" nMaxWidth="-1">
                <vecCLocateAnchor>
                  <CLocateAnchor nDisToAnchor="0" nAnchorIndex="7" anchorType="2" />
                </vecCLocateAnchor>
              </CKeyWord>
              <CKeyWord nMinWidth="-1" nMaxHeight="-1" content="期" nMinHeight="-1" nConfirmType="1" nMaxWidth="-1">
                <vecCLocateAnchor>
                  <CLocateAnchor nDisToAnchor="343" nAnchorIndex="7" anchorType="2" />
                </vecCLocateAnchor>
              </CKeyWord>
              <CKeyWord nMinWidth="-1" nMaxHeight="-1" content="效" nMinHeight="-1" nConfirmType="1" nMaxWidth="-1">
                <vecCLocateAnchor>
                  <CLocateAnchor nDisToAnchor="686" nAnchorIndex="7" anchorType="2" />
                </vecCLocateAnchor>
              </CKeyWord>
              <CKeyWord nMinWidth="-1" nMaxHeight="-1" content="有" nMinHeight="-1" nConfirmType="1" nMaxWidth="-1">
                <vecCLocateAnchor>
                  <CLocateAnchor nDisToAnchor="1039" nAnchorIndex="7" anchorType="2" />
                </vecCLocateAnchor>
              </CKeyWord>
            </vecLineKeyWord>
            <vecCLocateAnchor></vecCLocateAnchor>
          </CLine>
          <CLine nIndex="1" bStartOffset="1" bEndOffset="0" bExist="1" bNeedRecog="1" nCheckKeyWord="1">
            <RECT Left="0" Top="0" Right="0" Bottom="0" />
            <CRecogInfo bIgnorePoint="0" nMaxPointWidth="0" nMaxPointHeight="0" bMatchRegExp="0" charOrder="\S{7，-1}" bConfirmParams="0">
              <CLocateInfo bEraseStart="0" nMinWHRatio="0" nMaxWHRatio="160" nSplitWHRatio="2000" bSplit="0" nNumType="0" bSpace="0" bWidth="0" bHeight="0" bRemoveLineNoise="0" nMinElementNum="7" nMaxElementNum="-1" nMinWidth="240" nMaxWidth="400" nMinHeight="350" nMaxHeight="600" nMinSpace="20" nMaxSpace="400" bPostProcess="0">
                <vecCLocateMethod>
                  <CLocateMethod nLocateMethod="1">
                    <vecProcessImage>
                      <CProcessImage processType="1">
                        <CTrueColorToGrayEx nFilter="0">
                          <RECT Top="0" Right="0" Bottom="0" Left="0"></RECT>
                        </CTrueColorToGrayEx>
                      </CProcessImage>
                      <CProcessImage processType="2">
                        <CGrayToBinaryEx>
                          <vecBinaryParam>
                            <BINARYPARAM nBlockNum="1" nMethod="3" />
                            <BINARYPARAM nBlockNum="1" nMethod="7" />
                          </vecBinaryParam>
                          <RECT Left="0" Top="0" Right="0" Bottom="0" />
                        </CGrayToBinaryEx>
                      </CProcessImage>
                    </vecProcessImage>
                  </CLocateMethod>
                </vecCLocateMethod>
              </CLocateInfo>
              <vecKernal>
                <CKernalInfo kernalMainType="1" nKernalSubType="7" nFilterType="1" nFillingMethod="1" strFilterPlus="" nRecogType="1" nRecogImgeType="0">
                  <vecCharRatio>
                    <CCharRatio strChars="" charType="1" nWHRatio="100" />
                  </vecCharRatio>
                </CKernalInfo>
              </vecKernal>
            </CRecogInfo>
            <vecRecogUnit>
              <CRecogUnit nIndex="7" bLocate="1" bRecog="1">
                <CLocateRecogUnit bStart="1" nStartIndexInChar="-1" bEnd="1" nEndIndexInChar="0">
                  <vecAnchorLocateInfo>
                    <CAnchorLocateInfo nAnchorIndex="7" nDisToAnchor="0" anchorType="1" />
                    <CAnchorLocateInfo nAnchorIndex="5" nDisToAnchor="-460" anchorType="1" />
                    <CAnchorLocateInfo nAnchorIndex="3" nDisToAnchor="460" anchorType="1" />
                  </vecAnchorLocateInfo>
                </CLocateRecogUnit>
                <CRecogInfo bIgnorePoint="0" nMaxPointWidth="0" nMaxPointHeight="0" bMatchRegExp="0" charOrder="\S{7,-1}" bConfirmParams="0">
                  <CLocateInfo bEraseStart="0" nMinWHRatio="0" nMaxWHRatio="160" nSplitWHRatio="2000" bSplit="0" nNumType="0" bSpace="0" bWidth="0" bHeight="0" bRemoveLineNoise="0" nMinElementNum="3" nMaxElementNum="-1" nMinWidth="240" nMaxWidth="400" nMinHeight="400" nMaxHeight="600" nMinSpace="0" nMaxSpace="400" bPostProcess="1">
                    <vecCLocateMethod>
                      <CLocateMethod nLocateMethod="1">
                        <vecProcessImage>
                          <CProcessImage processType="1">
                            <CTrueColorToGrayEx nFilter="0">
                              <RECT Top="0" Right="0" Bottom="0" Left="0"></RECT>
                            </CTrueColorToGrayEx>
                          </CProcessImage>
                          <CProcessImage processType="2">
                            <CGrayToBinaryEx>
                              <vecBinaryParam>
                                <BINARYPARAM nBlockNum="1" nMethod="3" />
                                <BINARYPARAM nBlockNum="1" nMethod="7" />
                              </vecBinaryParam>
                              <RECT Left="0" Top="0" Right="0" Bottom="0" />
                            </CGrayToBinaryEx>
                          </CProcessImage>
                        </vecProcessImage>
                      </CLocateMethod>
                    </vecCLocateMethod>
                  </CLocateInfo>
                  <vecKernal>
                    <CKernalInfo kernalMainType="1" nKernalSubType="7" nFilterType="1" nFillingMethod="1" strFilterPlus="" nRecogType="1" nRecogImgeType="0">
                      <vecCharRatio>
                        <CCharRatio strChars="" charType="1" nWHRatio="100" />
                      </vecCharRatio>
                    </CKernalInfo>
                  </vecKernal>
                </CRecogInfo>
              </CRecogUnit>
            </vecRecogUnit>
            <vecLineKeyWord>
              <CKeyWord nMinWidth="-1" nMaxHeight="-1" content="关" nMinHeight="-1" nConfirmType="1" nMaxWidth="-1">
                <vecCLocateAnchor>
                  <CLocateAnchor nDisToAnchor="0" nAnchorIndex="7" anchorType="2" />
                </vecCLocateAnchor>
              </CKeyWord>
              <CKeyWord nMinWidth="-1" nMaxHeight="-1" content="机" nMinHeight="-1" nConfirmType="1" nMaxWidth="-1">
                <vecCLocateAnchor>
                  <CLocateAnchor nDisToAnchor="348" nAnchorIndex="7" anchorType="2" />
                </vecCLocateAnchor>
              </CKeyWord>
              <CKeyWord nMinWidth="-1" nMaxHeight="-1" content="发" nMinHeight="-1" nConfirmType="1" nMaxWidth="-1">
                <vecCLocateAnchor>
                  <CLocateAnchor nDisToAnchor="696" nAnchorIndex="7" anchorType="2" />
                </vecCLocateAnchor>
              </CKeyWord>
              <CKeyWord nMinWidth="-1" nMaxHeight="-1" content="签" nMinHeight="-1" nConfirmType="1" nMaxWidth="-1">
                <vecCLocateAnchor>
                  <CLocateAnchor nDisToAnchor="1039" nAnchorIndex="7" anchorType="2" />
                </vecCLocateAnchor>
              </CKeyWord>
            </vecLineKeyWord>
            <vecCLocateAnchor></vecCLocateAnchor>
          </CLine>
        </vecLine>
      </CRegion>
    </vecRegion>
    <vecDeriveUnit>
      <CDeriveUnit nEndCharIndex="13" nSrcRecogUnitIndex="6" nIndex="4" nStartCharIndex="6" />
      <CDeriveUnit nEndCharIndex="7" nSrcRecogUnitIndex="8" nIndex="9" nStartCharIndex="0"></CDeriveUnit>
      <CDeriveUnit nEndCharIndex="-1" nSrcRecogUnitIndex="8" nIndex="10" nStartCharIndex="9">
        <vecFlagFind>
          <CFlagFind nPosType="1" nFindType="1" bStart="0" nStartIndex="0" strFlag="\D" nNum="1" nIndexPlus="0" />
          <CFlagFind nPosType="1" nFindType="0" bStart="0" nStartIndex="0" strFlag="期" nNum="1" nIndexPlus="0" />
        </vecFlagFind>
      </CDeriveUnit>
    </vecDeriveUnit>
    <vecAnchor>
      <CAnchor nIndex="0" anchorType="0" anchorPos="0" bEnable="0" nMinPos="-1" nMaxPos="-1" />
      <CAnchor nIndex="1" anchorPos="-1" anchorType="1" bEnable="0" nMinPos="-1" nMaxPos="-1" />
      <CAnchor nIndex="2" anchorPos="-1" anchorType="4" bEnable="0" nMinPos="-1" nMaxPos="-1" />
      <CAnchor nIndex="3" anchorPos="-1" anchorType="2" bEnable="0" nMinPos="-1" nMaxPos="-1" />
      <CAnchor nIndex="4" anchorPos="-1" anchorType="2" bEnable="0" nMinPos="-1" nMaxPos="-1" />
      <CAnchor nIndex="5" anchorPos="-1" anchorType="2" bEnable="0" nMinPos="-1" nMaxPos="-1" />
      <CAnchor nIndex="6" anchorPos="-1" anchorType="3" bEnable="0" nMinPos="-1" nMaxPos="-1" />
      <CAnchor nIndex="7" anchorPos="-1" anchorType="2" bEnable="0" nMinPos="-1" nMaxPos="-1" />
    </vecAnchor>
    <vecOutPutResult>
      <COutPutResult nIndex="0" cellRecogType="20" cellNameEng="Reserve" cellName="保留" nOutputThreshold="0" nOutputNumber="0" bFormatResult="0" />
      <COutPutResult nIndex="1" cellRecogType="0" cellNameEng="Name" cellName="姓名" nOutputThreshold="0" nOutputNumber="0" bFormatResult="0" />
      <COutPutResult nIndex="2" cellRecogType="1" cellNameEng="Sex" cellName="性别" nOutputThreshold="0" nOutputNumber="0" bFormatResult="0" />
      <COutPutResult nIndex="3" cellRecogType="2" cellNameEng="Ethnicity" cellName="民族" nOutputThreshold="0" nOutputNumber="0" bFormatResult="0" />
      <COutPutResult nIndex="4" cellRecogType="3" cellNameEng="Date of birth" cellName="出生" nOutputThreshold="0" nOutputNumber="0" bFormatResult="1">
        <CFormatInfo strDefault="" strInFormat="YYYYMMDD" strOutFormat="YYYY-MM-DD" />
      </COutPutResult>
      <COutPutResult nIndex="5" cellRecogType="6" cellNameEng="Domicile" cellName="住址" nOutputThreshold="10" nOutputNumber="5" bFormatResult="0" />
      <COutPutResult nIndex="6" cellRecogType="7" cellNameEng="Identification Number" cellName="公民身份号码" nOutputThreshold="0" nOutputNumber="0" bFormatResult="0" bMainField="1" nRejectThresh="20"/>
      <COutPutResult nIndex="7" cellRecogType="20" cellNameEng="Issuing authority" cellName="签发机关" nOutputThreshold="0" nOutputNumber="0" bFormatResult="0" bMainField="1" nRejectThresh="20"/>
      <COutPutResult nIndex="8" cellRecogType="20" cellNameEng="The limits to validity of the document" cellName="有效期限" nOutputThreshold="0" nOutputNumber="0" bFormatResult="0" />
      <COutPutResult nIndex="9" cellRecogType="4" cellNameEng="Date of Issue" cellName="签发日期" nOutputThreshold="0" nOutputNumber="0" bFormatResult="1">
        <CFormatInfo strDefault="" strInFormat="YYYYMMDD" strOutFormat="YYYY-MM-DD" />
      </COutPutResult>
      <COutPutResult nIndex="10" cellRecogType="5" cellNameEng="Date of Expiry" cellName="有效期至" nOutputThreshold="0" nOutputNumber="0" bFormatResult="1">
        <CFormatInfo strDefault="" strInFormat="YYYYMMDD" strOutFormat="YYYY-MM-DD" />
      </COutPutResult>
    </vecOutPutResult>
     <vecMergeUnit>
    <CMergeUnit nDestUnitIndex="2" nDestUnitType="4" nSrcUnitIndex="6" nSrcUnitType="4" strSrc="0" strDest="" nProcessPos="-1" bMeet="1" bSynchronous="0" nOperateType="23"/>
    </vecMergeUnit>
  </CIDCardTemplate>
   
 </IDCARD>