<?xml version="1.0" encoding="utf-8"?>
<!DOCTYPE IDCARD SYSTEM "IDCARD.dtd">
<IDCARD>
  <CIDCardTemplate nMainDocumentID="9" chDocumentName="往来港澳通行证2005版" engDocumentName="China Mainland Residents Travel Permit to HK and Macao 2005 Edition" imageSizeType="3">
    <vecAutoProcess>
	    <vecProcessMode nMode="0"> 			 
		    <CAutoProcess processType="25">
			  <PerspectiveTransformEx nType="99" nWidth="896" nHeight="569"/> 
		    </CAutoProcess>  
		</vecProcessMode>
        <vecProcessMode nMode="1"> 
			<!--CAutoProcess processType="23">
			  <CIDCardAutoProcessEx2 nCropType="4" nMaxAngle="0.3" nMinAngle="0.017" nFilledType="1" bIs180Rotate="0" bIsValid="0"  bSameSize="1"/> 
			</CAutoProcess-->
            <CAutoProcess processType="24">
			  <PerspectiveTransform nType="3" bIs180Rotate="1" bIsValid="1" nWidth="1308" nHeight="927" nOffsetLeft="10" nOffsetTop="10" nOffsetRight="-10" nOffsetBottom="-10"/> 
			</CAutoProcess>			
		</vecProcessMode>
    </vecAutoProcess>
    <vecProcessImage>
      <CProcessImage processType="3">
        <CEraseBlackBorderEx>
          <RECT Left="0" Top="0" Right="10000" Bottom="10000" />
          <RECT Left="2000" Top="2000" Right="8900" Bottom="8000" />
        </CEraseBlackBorderEx>
      </CProcessImage>
      <CProcessImage processType="9">
        <CCropImage nMinSrcWidth="4000" nRotateType="0" nMinSrcHeight="6000" nUnitType="0">
          <RECT Top="5000" Right="10000" Bottom="10000" Left="0" />
        </CCropImage>
      </CProcessImage>
      <CProcessImage processType="9">
        <CCropImage nMinSrcWidth="4000" nRotateType="0" nMinSrcHeight="4000" nUnitType="0">
          <RECT Top="1650" Right="10000" Bottom="10000" Left="0" />
        </CCropImage>
      </CProcessImage>
    </vecProcessImage>
    <vecRegion>
      <CRegion nIndex="0" nRegionType="0" nProcessOrder="0">
        <vecImageLightType>
          <LIGHTTYPE>1</LIGHTTYPE>
          <LIGHTTYPE>2</LIGHTTYPE>
        </vecImageLightType>
        <CLocateRegion bAccurateLocate="1">
          <vecProcessImage>
            <CProcessImage processType="1">
              <CTrueColorToGrayEx nFilter="0">
                <RECT Top="0" Right="0" Bottom="0" Left="0" />
              </CTrueColorToGrayEx>
            </CProcessImage>
          </vecProcessImage>
          <RECT Left="600" Top="1966" Right="2800" Bottom="6254" />
          <vecAnchorLocateInfo>
            <CAnchorLocateInfo nAnchorIndex="0" nDisToAnchor="100" anchorType="1" />
            <CAnchorLocateInfo nAnchorIndex="0" nDisToAnchor="3200" anchorType="2" />
            <CAnchorLocateInfo nAnchorIndex="0" nDisToAnchor="1766" anchorType="3" />
            <CAnchorLocateInfo nAnchorIndex="0" nDisToAnchor="7254" anchorType="4" />
          </vecAnchorLocateInfo>
          <vecCLocateAnchor>
            <CLocateAnchor nDisToAnchor="0" nAnchorIndex="1" anchorType="2" />
          </vecCLocateAnchor>
        </CLocateRegion>
      </CRegion>
      <CRegion nIndex="1" nRegionType="1" nProcessOrder="1">
        <vecImageLightType>
          <LIGHTTYPE>2</LIGHTTYPE>
          <LIGHTTYPE>1</LIGHTTYPE>
        </vecImageLightType>
        <CLocateRegion bAccurateLocate="0">
          <vecProcessImage />
          <RECT Left="0" Top="7600" Right="9800" Bottom="9800" />
          <vecAnchorLocateInfo>
            <CAnchorLocateInfo nAnchorIndex="0" nDisToAnchor="0" anchorType="1" />
            <CAnchorLocateInfo nAnchorIndex="0" nDisToAnchor="9999" anchorType="2" />
            <CAnchorLocateInfo nAnchorIndex="0" nDisToAnchor="7500" anchorType="3" />
            <CAnchorLocateInfo nAnchorIndex="0" nDisToAnchor="9999" anchorType="4" />
          </vecAnchorLocateInfo>
          <vecCLocateAnchor />
        </CLocateRegion>
        <CLocateLine>
          <RECT Left="0" Top="0" Right="100" Bottom="100" />
          <RECT Left="0" Top="0" Right="100" Bottom="100" />
          <CLocateInfo bEraseStart="0" nMinWHRatio="0" nMaxWHRatio="160" nSplitWHRatio="2000" bSplit="0" nNumType="0" bSpace="0" bWidth="0" bHeight="0" bRemoveLineNoise="0" nMinElementNum="2" nMaxElementNum="2" nMinWidth="8000" nMaxWidth="10000" nMinHeight="140" nMaxHeight="420" nMinSpace="140" nMaxSpace="450" bPostProcess="0">
            <vecCLocateMethod>
              <CLocateMethod nLocateMethod="1">
                <vecProcessImage>
                  <CProcessImage processType="1">
                    <CTrueColorToGrayEx nFilter="0">
                      <RECT Top="0" Right="0" Bottom="0" Left="0" />
                    </CTrueColorToGrayEx>
                  </CProcessImage>
                  <CProcessImage processType="2">
                    <CGrayToBinaryEx>
                      <vecBinaryParam>
                        <BINARYPARAM nBlockNum="2" nMethod="7" />
                        <BINARYPARAM nBlockNum="1" nMethod="3" />
                      </vecBinaryParam>
                      <RECT Left="0" Top="0" Right="0" Bottom="0" />
                    </CGrayToBinaryEx>
                  </CProcessImage>
                </vecProcessImage>
              </CLocateMethod>
            </vecCLocateMethod>
          </CLocateInfo>
          <positionPlus nLeftPlus="-120" nRightPlus="120" nTopPlus="-120" nBottomPlus="150" />
        </CLocateLine>
        <vecLine>
          <CLine nIndex="0" bStartOffset="1" bEndOffset="0" bExist="1" bNeedRecog="1" nCheckKeyWord="0">
            <RECT Left="0" Top="0" Right="0" Bottom="0" />
            <CRecogInfo bIgnorePoint="0" nMaxPointWidth="0" nMaxPointHeight="0" bMatchRegExp="1" charOrder="[AW][K&lt;]CHN\C{1,-1}&lt;{1,-1}DA\C" bConfirmParams="0">
              <CLocateInfo bEraseStart="0" nMinWHRatio="0" nMaxWHRatio="160" nSplitWHRatio="2000" bSplit="0" nNumType="0" bSpace="0" bWidth="0" bHeight="0" bRemoveLineNoise="0" nMinElementNum="44" nMaxElementNum="44" nMinWidth="80" nMaxWidth="230" nMinHeight="175" nMaxHeight="360" nMinSpace="0" nMaxSpace="140" bPostProcess="1">
                <vecCLocateMethod>
                  <CLocateMethod nLocateMethod="1">
                    <vecProcessImage>
                      <CProcessImage processType="1">
                        <CTrueColorToGrayEx nFilter="0">
                          <RECT Top="0" Right="0" Bottom="0" Left="0" />
                        </CTrueColorToGrayEx>
                      </CProcessImage>
                      <CProcessImage processType="2">
                        <CGrayToBinaryEx>
                          <vecBinaryParam>
                            <BINARYPARAM nBlockNum="10" nMethod="7" />
                            <BINARYPARAM nBlockNum="1" nMethod="6" />
                          </vecBinaryParam>
                          <RECT Left="0" Top="0" Right="0" Bottom="0" />
                        </CGrayToBinaryEx>
                      </CProcessImage>
                    </vecProcessImage>
                  </CLocateMethod>
                  <CLocateMethod nLocateMethod="1">
                    <vecProcessImage>
                      <CProcessImage processType="1">
                        <CTrueColorToGrayEx nFilter="0">
                          <RECT Top="0" Right="0" Bottom="0" Left="0" />
                        </CTrueColorToGrayEx>
                      </CProcessImage>
                      <CProcessImage processType="2">
                        <CGrayToBinaryEx>
                          <vecBinaryParam>
                            <BINARYPARAM nBlockNum="10" nMethod="7" />
                            <BINARYPARAM nBlockNum="1" nMethod="1" />
                          </vecBinaryParam>
                          <RECT Left="0" Top="0" Right="0" Bottom="0" />
                        </CGrayToBinaryEx>
                      </CProcessImage>
                    </vecProcessImage>
                  </CLocateMethod>
                  <CLocateMethod nLocateMethod="1">
                    <vecProcessImage>
                      <CProcessImage processType="1">
                        <CTrueColorToGrayEx nFilter="0">
                          <RECT Top="0" Right="0" Bottom="0" Left="0" />
                        </CTrueColorToGrayEx>
                      </CProcessImage>
                      <CProcessImage processType="2">
                        <CGrayToBinaryEx>
                          <vecBinaryParam>
                            <BINARYPARAM nBlockNum="1" nMethod="3" />
                          </vecBinaryParam>
                          <RECT Left="0" Top="0" Right="0" Bottom="0" />
                        </CGrayToBinaryEx>
                      </CProcessImage>
                    </vecProcessImage>
                  </CLocateMethod>
                  <CLocateMethod nLocateMethod="1">
                    <vecProcessImage>
                      <CProcessImage processType="1">
                        <CTrueColorToGrayEx nFilter="0">
                          <RECT Top="0" Right="0" Bottom="0" Left="0" />
                        </CTrueColorToGrayEx>
                      </CProcessImage>
                      <CProcessImage processType="2">
                        <CGrayToBinaryEx>
                          <vecBinaryParam>
                            <BINARYPARAM nBlockNum="1" nMethod="5" />
                          </vecBinaryParam>
                          <RECT Left="0" Top="0" Right="0" Bottom="0" />
                        </CGrayToBinaryEx>
                      </CProcessImage>
                    </vecProcessImage>
                  </CLocateMethod>
                </vecCLocateMethod>
              </CLocateInfo>
              <vecKernal>
                <CKernalInfo kernalMainType="1" nKernalSubType="6" nFilterType="0" nFillingMethod="1" strFilterPlus="" nRecogType="1" nRecogImgeType="0">
                  <vecCharRatio>
                    <CCharRatio strChars="" charType="3" nWHRatio="60" />
                    <CCharRatio strChars="&lt;" charType="10" nWHRatio="60" />
                  </vecCharRatio>
                </CKernalInfo>
              </vecKernal>
            </CRecogInfo>
            <vecRecogUnit>
              <CRecogUnit nIndex="10" bLocate="0" bRecog="0" />
            </vecRecogUnit>
            <vecLineKeyWord />
            <vecCLocateAnchor>
              <CLocateAnchor nDisToAnchor="0" nAnchorIndex="2" anchorType="3" />
            </vecCLocateAnchor>
          </CLine>
          <CLine nIndex="1" bStartOffset="1" bEndOffset="0" bExist="1" bNeedRecog="1" nCheckKeyWord="0">
            <RECT Left="0" Top="0" Right="0" Bottom="0" />
            <CRecogInfo bIgnorePoint="0" nMaxPointWidth="0" nMaxPointHeight="0" bMatchRegExp="1" charOrder="[KW]\D{9}CHN\D{7}[MF]\D{15}&lt;{6}\D{2}" bConfirmParams="0">
              <CLocateInfo bEraseStart="0" nMinWHRatio="0" nMaxWHRatio="160" nSplitWHRatio="2000" bSplit="0" nNumType="0" bSpace="0" bWidth="0" bHeight="0" bRemoveLineNoise="0" nMinElementNum="44" nMaxElementNum="44" nMinWidth="70" nMaxWidth="220" nMinHeight="175" nMaxHeight="360" nMinSpace="0" nMaxSpace="140" bPostProcess="1">
                <vecCLocateMethod>
                  <CLocateMethod nLocateMethod="1">
                    <vecProcessImage>
                      <CProcessImage processType="1">
                        <CTrueColorToGrayEx nFilter="0">
                          <RECT Top="0" Right="0" Bottom="0" Left="0" />
                        </CTrueColorToGrayEx>
                      </CProcessImage>
                      <CProcessImage processType="2">
                        <CGrayToBinaryEx>
                          <vecBinaryParam>
                            <BINARYPARAM nBlockNum="1" nMethod="6" />
                          </vecBinaryParam>
                          <RECT Left="0" Top="0" Right="0" Bottom="0" />
                        </CGrayToBinaryEx>
                      </CProcessImage>
                    </vecProcessImage>
                  </CLocateMethod>
                  <CLocateMethod nLocateMethod="1">
                    <vecProcessImage>
                      <CProcessImage processType="1">
                        <CTrueColorToGrayEx nFilter="0">
                          <RECT Top="0" Right="0" Bottom="0" Left="0" />
                        </CTrueColorToGrayEx>
                      </CProcessImage>
                      <CProcessImage processType="2">
                        <CGrayToBinaryEx>
                          <vecBinaryParam>
                            <BINARYPARAM nBlockNum="10" nMethod="7" />
                            <BINARYPARAM nBlockNum="1" nMethod="1" />
                          </vecBinaryParam>
                          <RECT Left="0" Top="0" Right="0" Bottom="0" />
                        </CGrayToBinaryEx>
                      </CProcessImage>
                    </vecProcessImage>
                  </CLocateMethod>
                  <CLocateMethod nLocateMethod="1">
                    <vecProcessImage>
                      <CProcessImage processType="1">
                        <CTrueColorToGrayEx nFilter="0">
                          <RECT Top="0" Right="0" Bottom="0" Left="0" />
                        </CTrueColorToGrayEx>
                      </CProcessImage>
                      <CProcessImage processType="2">
                        <CGrayToBinaryEx>
                          <vecBinaryParam>
                            <BINARYPARAM nBlockNum="1" nMethod="3" />
                          </vecBinaryParam>
                          <RECT Left="0" Top="0" Right="0" Bottom="0" />
                        </CGrayToBinaryEx>
                      </CProcessImage>
                    </vecProcessImage>
                  </CLocateMethod>
                  <CLocateMethod nLocateMethod="1">
                    <vecProcessImage>
                      <CProcessImage processType="1">
                        <CTrueColorToGrayEx nFilter="0">
                          <RECT Top="0" Right="0" Bottom="0" Left="0" />
                        </CTrueColorToGrayEx>
                      </CProcessImage>
                      <CProcessImage processType="2">
                        <CGrayToBinaryEx>
                          <vecBinaryParam>
                            <BINARYPARAM nBlockNum="1" nMethod="5" />
                          </vecBinaryParam>
                          <RECT Left="0" Top="0" Right="0" Bottom="0" />
                        </CGrayToBinaryEx>
                      </CProcessImage>
                    </vecProcessImage>
                  </CLocateMethod>
                </vecCLocateMethod>
              </CLocateInfo>
              <vecKernal>
                <CKernalInfo kernalMainType="1" nKernalSubType="6" nFilterType="0" nFillingMethod="1" strFilterPlus="" nRecogType="1" nRecogImgeType="0">
                  <vecCharRatio>
                    <CCharRatio strChars="" charType="2" nWHRatio="60" />
                    <CCharRatio strChars="" charType="3" nWHRatio="60" />
                    <CCharRatio strChars="&lt;" charType="10" nWHRatio="60" />
                  </vecCharRatio>
                </CKernalInfo>
              </vecKernal>
            </CRecogInfo>
            <vecRecogUnit>
              <CRecogUnit nIndex="11" bLocate="0" bRecog="0" />
            </vecRecogUnit>
            <vecLineKeyWord />
            <vecCLocateAnchor />
          </CLine>
        </vecLine>
      </CRegion>
    </vecRegion>
    <vecDeriveUnit>
      <CDeriveUnit nEndCharIndex="1" nSrcRecogUnitIndex="10" nIndex="0" nStartCharIndex="0" />
      <CDeriveUnit nEndCharIndex="8" nSrcRecogUnitIndex="11" nIndex="1" nStartCharIndex="0" />
      <CDeriveUnit nEndCharIndex="20" nSrcRecogUnitIndex="11" nIndex="4" nStartCharIndex="20" />
      <CDeriveUnit nEndCharIndex="18" nSrcRecogUnitIndex="11" nIndex="5" nStartCharIndex="13" />
      <CDeriveUnit nEndCharIndex="26" nSrcRecogUnitIndex="11" nIndex="6" nStartCharIndex="21" />
      <CDeriveUnit nEndCharIndex="4" nSrcRecogUnitIndex="10" nIndex="7" nStartCharIndex="2" />
      <CDeriveUnit nEndCharIndex="-1" nSrcRecogUnitIndex="3" nIndex="8" nStartCharIndex="0">
        <vecFlagFind>
          <CFlagFind strFlag=" " nPosType="1" nNum="1" nFindType="0" nIndexPlus="-1" bStart="1" nStartIndex="0" />
        </vecFlagFind>
      </CDeriveUnit>
      <CDeriveUnit nEndCharIndex="-1" nSrcRecogUnitIndex="3" nIndex="9" nStartCharIndex="-1">
        <vecFlagFind>
          <CFlagFind strFlag=" " nPosType="0" nNum="1" nFindType="0" nIndexPlus="1" bStart="1" nStartIndex="0" />
          <CFlagFind strFlag="\C" nPosType="1" nNum="1" nFindType="1" nIndexPlus="0" bStart="0" nStartIndex="0" />
        </vecFlagFind>
      </CDeriveUnit>
      <CDeriveUnit nEndCharIndex="12" nSrcRecogUnitIndex="11" nIndex="12" nStartCharIndex="10" />
      <CDeriveUnit nEndCharIndex="8" nSrcRecogUnitIndex="11" nIndex="13" nStartCharIndex="0" />
    </vecDeriveUnit>
    <vecAnchor>
      <CAnchor nIndex="0" anchorPos="-1" anchorType="0" bEnable="0" nMinPos="-1" nMaxPos="-1" />
      <CAnchor nIndex="1" anchorPos="-1" anchorType="2" bEnable="0" nMinPos="-1" nMaxPos="-1" />
      <CAnchor nIndex="2" anchorPos="-1" anchorType="3" bEnable="0" nMinPos="-1" nMaxPos="-1" />
      <CAnchor nIndex="3" anchorPos="-1" anchorType="2" bEnable="0" nMinPos="-1" nMaxPos="-1" />
      <CAnchor nIndex="4" anchorPos="-1" anchorType="3" bEnable="0" nMinPos="-1" nMaxPos="-1" />
      <CAnchor nIndex="5" anchorPos="-1" anchorType="4" bEnable="0" nMinPos="-1" nMaxPos="-1" />
    </vecAnchor>
    <vecOutPutResult>
      <COutPutResult nIndex="0" cellRecogType="20" cellNameEng="Type identification" cellName="证件类型" nOutputThreshold="0" nOutputNumber="0" bFormatResult="1">
        <CFormatInfo strDefault="" strInFormat="" strOutFormat="">
          <vecCReplaceChar>
            <CReplaceChar newChar=" " oldChar="&lt;" />
          </vecCReplaceChar>
        </CFormatInfo>
      </COutPutResult>
      <COutPutResult nIndex="1" cellRecogType="20" cellNameEng="The document number from MRZ" cellName="证件号码MRZ" nOutputThreshold="0" nOutputNumber="0" bFormatResult="0" />
      <COutPutResult nIndex="2" cellRecogType="0" cellNameEng="Chinese name" cellName="中文姓名" nOutputThreshold="0" nOutputNumber="0" bFormatResult="0" />
      <COutPutResult nIndex="3" cellRecogType="20" cellNameEng="English name" cellName="英文姓名" nOutputThreshold="0" nOutputNumber="0" bFormatResult="1">
        <CFormatInfo strDefault="" strInFormat="" strOutFormat="">
          <vecCReplaceChar>
            <CReplaceChar newChar=" " oldChar="&lt;" />
          </vecCReplaceChar>
        </CFormatInfo>
      </COutPutResult>
      <COutPutResult nIndex="4" cellRecogType="1" cellNameEng="Sex" cellName="性别" nOutputThreshold="0" nOutputNumber="0" bFormatResult="1">
        <CFormatInfo strDefault="" strInFormat="" strOutFormat="">
          <vecCReplaceChar>
            <CReplaceChar newChar="男" oldChar="M" />
            <CReplaceChar newChar="女" oldChar="F" />
          </vecCReplaceChar>
        </CFormatInfo>
      </COutPutResult>
      <COutPutResult nIndex="5" cellRecogType="3" cellNameEng="Date of birth" cellName="出生日期" nOutputThreshold="0" nOutputNumber="0" bFormatResult="1">
        <CFormatInfo strDefault="" strInFormat="YYMMDD" strOutFormat="YYYY-MM-DD" />
      </COutPutResult>
      <COutPutResult nIndex="6" cellRecogType="5" cellNameEng="Date of expiry" cellName="有效期至" nOutputThreshold="0" nOutputNumber="0" bFormatResult="1">
        <CFormatInfo strDefault="" strInFormat="YYMMDD" strOutFormat="YYYY-MM-DD" />
      </COutPutResult>
      <COutPutResult nIndex="7" cellRecogType="20" cellNameEng="Issuing country code" cellName="签发国代码" nOutputThreshold="0" nOutputNumber="0" bFormatResult="0" />
      <COutPutResult nIndex="8" cellRecogType="20" cellNameEng="English surname" cellName="英文姓" nOutputThreshold="0" nOutputNumber="0" bFormatResult="0" />
      <COutPutResult nIndex="9" cellRecogType="20" cellNameEng="English first name" cellName="英文名" nOutputThreshold="0" nOutputNumber="0" bFormatResult="0" />
      <COutPutResult nIndex="10" cellRecogType="10" cellNameEng="MRZ1" cellName="MRZ1" nOutputThreshold="0" nOutputNumber="0" bFormatResult="0" bMainField="1"/>
      <COutPutResult nIndex="11" cellRecogType="9" cellNameEng="MRZ2" cellName="MRZ2" nOutputThreshold="0" nOutputNumber="0" bFormatResult="0" bMainField="1"/>
      <COutPutResult nIndex="12" cellRecogType="20" cellNameEng="Nationality code" cellName="持证人国籍代码" nOutputThreshold="0" nOutputNumber="0" bFormatResult="0" />
      <COutPutResult nIndex="13" cellRecogType="20" cellNameEng="The document number from VIZ" cellName="证件号码" nOutputThreshold="0" nOutputNumber="0" bFormatResult="0" />
      <COutPutResult nIndex="14" cellRecogType="12" cellNameEng="Place of birth" cellName="出生地" nOutputThreshold="0" nOutputNumber="0" bFormatResult="0" />
      <COutPutResult nIndex="15" cellRecogType="13" cellNameEng="Place of issue" cellName="签发地点" nOutputThreshold="0" nOutputNumber="0" bFormatResult="0" />
      <COutPutResult nIndex="16" cellRecogType="4" cellNameEng="Date of issue" cellName="签发日期" nOutputThreshold="0" nOutputNumber="0" bFormatResult="1">
        <CFormatInfo strDefault="" strInFormat="YYYY年MM月DD日" strOutFormat="YYYY-MM-DD" />
      </COutPutResult>
    </vecOutPutResult>
      <vecMergeUnit>     
     <CMergeUnit nDestUnitIndex="5" nDestUnitType="4" nSrcUnitIndex="5" nSrcUnitType="4" strSrc="2017" strDest="" nProcessPos="-1" bMeet="1" bSynchronous="0" nOperateType="19"/>
  </vecMergeUnit>
    <vecSubTemplate>
      <CSubTemplate nSubID="1">
        <vecRegion>
          <CRegion nIndex="2" nRegionType="1" nProcessOrder="2">
            <vecImageLightType>
              <LIGHTTYPE>2</LIGHTTYPE>
              <LIGHTTYPE>1</LIGHTTYPE>
            </vecImageLightType>
            <CLocateRegion bAccurateLocate="0">
              <vecProcessImage />
              <RECT Left="3000" Top="1410" Right="5900" Bottom="3880" />
              <vecAnchorLocateInfo>
                <CAnchorLocateInfo nAnchorIndex="1" nDisToAnchor="0" anchorType="1" />
                <CAnchorLocateInfo nAnchorIndex="0" nDisToAnchor="2886" anchorType="1" />
                <CAnchorLocateInfo nAnchorIndex="0" nDisToAnchor="6164" anchorType="2" />
                <CAnchorLocateInfo nAnchorIndex="2" nDisToAnchor="-6450" anchorType="3" />
                <CAnchorLocateInfo nAnchorIndex="0" nDisToAnchor="1282" anchorType="3" />
                <CAnchorLocateInfo nAnchorIndex="2" nDisToAnchor="-3900" anchorType="4" />
                <CAnchorLocateInfo nAnchorIndex="0" nDisToAnchor="3700" anchorType="4" />
              </vecAnchorLocateInfo>
              <vecCLocateAnchor />
            </CLocateRegion>
            <CLocateLine>
              <RECT Left="0" Top="0" Right="100" Bottom="100" />
              <RECT Left="0" Top="0" Right="100" Bottom="100" />
              <CLocateInfo bEraseStart="0" nMinWHRatio="0" nMaxWHRatio="160" nSplitWHRatio="2000" bSplit="0" nNumType="0" bSpace="0" bWidth="0" bHeight="0" bRemoveLineNoise="0" nMinElementNum="2" nMaxElementNum="2" nMinWidth="1000" nMaxWidth="5890" nMinHeight="230" nMaxHeight="494" nMinSpace="3" nMaxSpace="474" bPostProcess="0">
                <vecCLocateMethod>
                 <CLocateMethod nLocateMethod="1">
                    <vecProcessImage>
                      <CProcessImage processType="1">
                        <CTrueColorToGrayEx nFilter="0">
                          <RECT Top="0" Right="0" Bottom="0" Left="0" />
                        </CTrueColorToGrayEx>
                      </CProcessImage>
                       <CProcessImage processType="2">
                            <CGrayToBinaryEx>
                              <vecBinaryParam>
                                <BINARYPARAM nBlockNum="1" nMethod="6" />
                              </vecBinaryParam>
                              <RECT Left="0" Top="0" Right="0" Bottom="0" />
                            </CGrayToBinaryEx>
                          </CProcessImage>
                    </vecProcessImage>
                  </CLocateMethod>
                 <CLocateMethod nLocateMethod="0">
                  <vecProcessImage>
                      <CProcessImage processType="1">
                        <CTrueColorToGrayEx nFilter="0">
                          <RECT Top="0" Right="0" Bottom="0" Left="0" />
                        </CTrueColorToGrayEx>
                      </CProcessImage>
                      </vecProcessImage>
                  </CLocateMethod>
                </vecCLocateMethod>
              </CLocateInfo>
              <positionPlus nLeftPlus="-120" nRightPlus="500" nTopPlus="-120" nBottomPlus="100" />
            </CLocateLine>
            <vecLine>
              <CLine nIndex="0" bStartOffset="1" bEndOffset="0" bExist="1" bNeedRecog="1" nCheckKeyWord="0">
                <RECT Left="0" Top="0" Right="0" Bottom="0" />
                <CRecogInfo bIgnorePoint="0" nMaxPointWidth="0" nMaxPointHeight="0" bMatchRegExp="0" charOrder="\S{2,-1}" bConfirmParams="0">
                  <CLocateInfo bEraseStart="0" nMinWHRatio="0" nMaxWHRatio="160" nSplitWHRatio="2000" bSplit="0" nNumType="0" bSpace="0" bWidth="0" bHeight="0" bRemoveLineNoise="0" nMinElementNum="2" nMaxElementNum="-1" nMinWidth="290" nMaxWidth="460" nMinHeight="300" nMaxHeight="540" nMinSpace="0" nMaxSpace="369" bPostProcess="1">
                    <vecCLocateMethod>
                      <CLocateMethod nLocateMethod="1">
                        <vecProcessImage>
                          <CProcessImage processType="1">
                            <CTrueColorToGrayEx nFilter="0">
                              <RECT Top="0" Right="0" Bottom="0" Left="0" />
                            </CTrueColorToGrayEx>
                          </CProcessImage>
                          <CProcessImage processType="2">
                            <CGrayToBinaryEx>
                              <vecBinaryParam>
                                <BINARYPARAM nBlockNum="1" nMethod="3" />
                              </vecBinaryParam>
                              <RECT Left="0" Top="0" Right="0" Bottom="0" />
                            </CGrayToBinaryEx>
                          </CProcessImage>
                        </vecProcessImage>
                      </CLocateMethod>
                    </vecCLocateMethod>
                  </CLocateInfo>
                  <vecKernal>
                    <CKernalInfo kernalMainType="1" nKernalSubType="7" nFilterType="1" nFillingMethod="1" strFilterPlus="" nRecogType="1" nRecogImgeType="0">
                      <vecCharRatio>
                        <CCharRatio strChars="" charType="1" nWHRatio="100" />
                      </vecCharRatio>
                    </CKernalInfo>
                  </vecKernal>
                </CRecogInfo>
                <vecRecogUnit>
                  <CRecogUnit nIndex="2" bLocate="0" bRecog="0" />
                </vecRecogUnit>
                <vecLineKeyWord />
                <vecCLocateAnchor />
              </CLine>
              <CLine nIndex="1" bStartOffset="1" bEndOffset="0" bExist="1" bNeedRecog="1" nCheckKeyWord="0">
                <RECT Left="0" Top="0" Right="0" Bottom="0" />
                <CRecogInfo bIgnorePoint="0" nMaxPointWidth="0" nMaxPointHeight="0" bMatchRegExp="0" charOrder="\C{2,-1}" bConfirmParams="0">
                  <CLocateInfo bEraseStart="0" nMinWHRatio="0" nMaxWHRatio="150" nSplitWHRatio="2000" bSplit="0" nNumType="0" bSpace="0" bWidth="0" bHeight="0" bRemoveLineNoise="0" nMinElementNum="2" nMaxElementNum="-1" nMinWidth="30" nMaxWidth="260" nMinHeight="200" nMaxHeight="380" nMinSpace="0" nMaxSpace="150" bPostProcess="1">
                    <vecCLocateMethod>
                      <CLocateMethod nLocateMethod="1">
                        <vecProcessImage>
                          <CProcessImage processType="1">
                            <CTrueColorToGrayEx nFilter="0">
                              <RECT Top="0" Right="0" Bottom="0" Left="0" />
                            </CTrueColorToGrayEx>
                          </CProcessImage>
                          <CProcessImage processType="2">
                            <CGrayToBinaryEx>
                              <vecBinaryParam>
                                <BINARYPARAM nBlockNum="1" nMethod="6" />
                              </vecBinaryParam>
                              <RECT Left="0" Top="0" Right="0" Bottom="0" />
                            </CGrayToBinaryEx>
                          </CProcessImage>
                        </vecProcessImage>
                      </CLocateMethod>
                    </vecCLocateMethod>
                  </CLocateInfo>
                  <vecKernal>
                    <CKernalInfo kernalMainType="1" nKernalSubType="10" nFilterType="7" nFillingMethod="1" strFilterPlus="" nRecogType="1" nRecogImgeType="0">
                      <vecCharRatio>
                        <CCharRatio strChars="ABCDEFGHJKLMNOPQRSTUVXYZ" charType="10" nWHRatio="88" />
                        <CCharRatio strChars="WM" charType="10" nWHRatio="110" />
                        <CCharRatio strChars="I" charType="10" nWHRatio="20" />
                      </vecCharRatio>
                    </CKernalInfo>
                  </vecKernal>
                </CRecogInfo>
                <vecRecogUnit>
                  <CRecogUnit nIndex="3" bLocate="0" bRecog="0">
                    <vecCInsertChar>
                      <CInsertChar nCharPos="0" strInsert=" " nMinSpace="38" nInsertType="1" nMaxSpce="150" />
                    </vecCInsertChar>
                  </CRecogUnit>
                </vecRecogUnit>
                <vecLineKeyWord />
                <vecCLocateAnchor />
              </CLine>
            </vecLine>
          </CRegion>
          <CRegion nIndex="3" nRegionType="1" nProcessOrder="3">
            <vecImageLightType>
              <LIGHTTYPE>2</LIGHTTYPE>
              <LIGHTTYPE>1</LIGHTTYPE>
            </vecImageLightType>
            <CLocateRegion bAccurateLocate="0">
              <vecProcessImage />
              <RECT Left="3200" Top="6100" Right="5900" Bottom="7000" />
              <vecAnchorLocateInfo>
                <CAnchorLocateInfo nAnchorIndex="1" nDisToAnchor="0" anchorType="1" />
                <CAnchorLocateInfo nAnchorIndex="0" nDisToAnchor="3200" anchorType="1" />
                <CAnchorLocateInfo nAnchorIndex="0" nDisToAnchor="6164" anchorType="2" />
                <CAnchorLocateInfo nAnchorIndex="2" nDisToAnchor="-1870" anchorType="3" />
                <CAnchorLocateInfo nAnchorIndex="0" nDisToAnchor="6100" anchorType="3" />
                <CAnchorLocateInfo nAnchorIndex="5" nDisToAnchor="150" anchorType="4" />
                <CAnchorLocateInfo nAnchorIndex="2" nDisToAnchor="-100" anchorType="4" />
                <CAnchorLocateInfo nAnchorIndex="0" nDisToAnchor="7041" anchorType="4" />
              </vecAnchorLocateInfo>
              <vecCLocateAnchor />
            </CLocateRegion>
            <CLocateLine>
              <RECT Left="0" Top="0" Right="100" Bottom="100" />
              <RECT Left="0" Top="0" Right="80" Bottom="100" />
              <CLocateInfo bEraseStart="0" nMinWHRatio="0" nMaxWHRatio="160" nSplitWHRatio="2000" bSplit="0" nNumType="0" bSpace="0" bWidth="0" bHeight="0" bRemoveLineNoise="0" nMinElementNum="1" nMaxElementNum="1" nMinWidth="1370" nMaxWidth="2300" nMinHeight="300" nMaxHeight="473" nMinSpace="0" nMaxSpace="0" bPostProcess="1">
                <vecCLocateMethod>
                  <CLocateMethod nLocateMethod="1">
                    <vecProcessImage>
                      <CProcessImage processType="1">
                        <CTrueColorToGrayEx nFilter="0">
                          <RECT Top="0" Right="0" Bottom="0" Left="0" />
                        </CTrueColorToGrayEx>
                      </CProcessImage>
                      <CProcessImage processType="2">
                        <CGrayToBinaryEx>
                          <vecBinaryParam>
                            <BINARYPARAM nBlockNum="1" nMethod="6" />
                          </vecBinaryParam>
                          <RECT Left="0" Top="0" Right="0" Bottom="0" />
                        </CGrayToBinaryEx>
                      </CProcessImage>
                    </vecProcessImage>
                  </CLocateMethod>
                </vecCLocateMethod>
              </CLocateInfo>
              <positionPlus nLeftPlus="-120" nRightPlus="120" nTopPlus="-120" nBottomPlus="150" />
            </CLocateLine>
            <vecLine>
              <CLine nIndex="0" bStartOffset="0" bEndOffset="1" bExist="1" bNeedRecog="1" nCheckKeyWord="0">
                <RECT Left="0" Top="0" Right="0" Bottom="0" />
                <CRecogInfo bIgnorePoint="0" nMaxPointWidth="0" nMaxPointHeight="0" bMatchRegExp="1" charOrder="[12][09][019]\D年[01]\D月[0123]\D日" bConfirmParams="0">
                  <CLocateInfo bEraseStart="0" nMinWHRatio="0" nMaxWHRatio="120" nSplitWHRatio="2000" bSplit="0" nNumType="0" bSpace="0" bWidth="0" bHeight="0" bRemoveLineNoise="0" nMinElementNum="11" nMaxElementNum="11" nMinWidth="20" nMaxWidth="270" nMinHeight="240" nMaxHeight="380" nMinSpace="0" nMaxSpace="100" bPostProcess="1">
                    <vecCLocateMethod>
                      <CLocateMethod nLocateMethod="1">
                        <vecProcessImage>
                          <CProcessImage processType="1">
                            <CTrueColorToGrayEx nFilter="0">
                              <RECT Top="0" Right="0" Bottom="0" Left="0" />
                            </CTrueColorToGrayEx>
                          </CProcessImage>
                          <CProcessImage processType="2">
                            <CGrayToBinaryEx>
                              <vecBinaryParam>
                                <BINARYPARAM nBlockNum="1" nMethod="6" />
                                <BINARYPARAM nBlockNum="1" nMethod="7" />
                                <BINARYPARAM nBlockNum="1" nMethod="3" />
                              </vecBinaryParam>
                              <RECT Left="0" Top="0" Right="0" Bottom="0" />
                            </CGrayToBinaryEx>
                          </CProcessImage>
                        </vecProcessImage>
                      </CLocateMethod>
                    </vecCLocateMethod>
                  </CLocateInfo>
                  <vecKernal>
                    <CKernalInfo kernalMainType="1" nKernalSubType="7" nFilterType="1" nFillingMethod="1" strFilterPlus="" nRecogType="1" nRecogImgeType="0">
                      <vecCharRatio>
                        <CCharRatio strChars="" charType="1" nWHRatio="100" />
                        <CCharRatio strChars="" charType="2" nWHRatio="50" />
                      </vecCharRatio>
                    </CKernalInfo>
                  </vecKernal>
                </CRecogInfo>
                <vecRecogUnit>
                  <CRecogUnit nIndex="16" bLocate="0" bRecog="0" />
                </vecRecogUnit>
                <vecLineKeyWord />
                <vecCLocateAnchor>
                  <CLocateAnchor nDisToAnchor="0" nAnchorIndex="3" anchorType="2" />
                  <CLocateAnchor nDisToAnchor="0" nAnchorIndex="4" anchorType="3" />
                  <CLocateAnchor nDisToAnchor="0" nAnchorIndex="5" anchorType="4" />
                </vecCLocateAnchor>
              </CLine>
            </vecLine>
          </CRegion>
          <CRegion nIndex="4" nRegionType="1" nProcessOrder="4">
            <vecImageLightType>
              <LIGHTTYPE>2</LIGHTTYPE>
              <LIGHTTYPE>1</LIGHTTYPE>
            </vecImageLightType>
            <CLocateRegion bAccurateLocate="0">
              <vecProcessImage />
              <RECT Left="7000" Top="6500" Right="9200" Bottom="6800" />
              <vecAnchorLocateInfo>
                <CAnchorLocateInfo nAnchorIndex="3" nDisToAnchor="700" anchorType="1" />
                <CAnchorLocateInfo nAnchorIndex="0" nDisToAnchor="6657" anchorType="1" />
                <CAnchorLocateInfo nAnchorIndex="0" nDisToAnchor="9500" anchorType="2" />
                <CAnchorLocateInfo nAnchorIndex="4" nDisToAnchor="-180" anchorType="3" />
                <CAnchorLocateInfo nAnchorIndex="2" nDisToAnchor="-1400" anchorType="3" />
                <CAnchorLocateInfo nAnchorIndex="0" nDisToAnchor="6272" anchorType="3" />
                <CAnchorLocateInfo nAnchorIndex="5" nDisToAnchor="150" anchorType="4" />
                <CAnchorLocateInfo nAnchorIndex="2" nDisToAnchor="-100" anchorType="4" />
                <CAnchorLocateInfo nAnchorIndex="0" nDisToAnchor="7041" anchorType="4" />
              </vecAnchorLocateInfo>
              <vecCLocateAnchor />
            </CLocateRegion>
            <CLocateLine>
              <RECT Left="0" Top="0" Right="100" Bottom="100" />
              <RECT Left="0" Top="0" Right="80" Bottom="100" />
              <CLocateInfo bEraseStart="0" nMinWHRatio="0" nMaxWHRatio="160" nSplitWHRatio="2000" bSplit="0" nNumType="0" bSpace="0" bWidth="0" bHeight="0" bRemoveLineNoise="0" nMinElementNum="1" nMaxElementNum="1" nMinWidth="400" nMaxWidth="2000" nMinHeight="300" nMaxHeight="473" nMinSpace="0" nMaxSpace="200" bPostProcess="1">
                <vecCLocateMethod>
                  <CLocateMethod nLocateMethod="1">
                    <vecProcessImage>
                      <CProcessImage processType="1">
                        <CTrueColorToGrayEx nFilter="0">
                          <RECT Top="0" Right="0" Bottom="0" Left="0" />
                        </CTrueColorToGrayEx>
                      </CProcessImage>
                      <CProcessImage processType="2">
                        <CGrayToBinaryEx>
                          <vecBinaryParam>
                            <BINARYPARAM nBlockNum="1" nMethod="3" />
                          </vecBinaryParam>
                          <RECT Left="0" Top="0" Right="0" Bottom="0" />
                        </CGrayToBinaryEx>
                      </CProcessImage>
                    </vecProcessImage>
                  </CLocateMethod>
                </vecCLocateMethod>
              </CLocateInfo>
              <positionPlus nLeftPlus="-120" nRightPlus="120" nTopPlus="-120" nBottomPlus="150" />
            </CLocateLine>
            <vecLine>
              <CLine nIndex="0" bStartOffset="0" bEndOffset="1" bExist="1" bNeedRecog="1" nCheckKeyWord="0">
                <RECT Left="0" Top="0" Right="0" Bottom="0" />
                <CRecogInfo bIgnorePoint="0" nMaxPointWidth="0" nMaxPointHeight="0" bMatchRegExp="0" charOrder="\S{2,-1}" bConfirmParams="0">
                  <CLocateInfo bEraseStart="0" nMinWHRatio="0" nMaxWHRatio="130" nSplitWHRatio="2000" bSplit="0" nNumType="0" bSpace="0" bWidth="0" bHeight="0" bRemoveLineNoise="0" nMinElementNum="1" nMaxElementNum="-1" nMinWidth="220" nMaxWidth="369" nMinHeight="330" nMaxHeight="500" nMinSpace="0" nMaxSpace="100" bPostProcess="1">
                    <vecCLocateMethod>
                      <CLocateMethod nLocateMethod="1">
                        <vecProcessImage>
                          <CProcessImage processType="1">
                            <CTrueColorToGrayEx nFilter="0">
                              <RECT Top="0" Right="0" Bottom="0" Left="0" />
                            </CTrueColorToGrayEx>
                          </CProcessImage>
                          <CProcessImage processType="2">
                            <CGrayToBinaryEx>
                              <vecBinaryParam>
                                <BINARYPARAM nBlockNum="1" nMethod="6" />
                              </vecBinaryParam>
                              <RECT Left="0" Top="0" Right="0" Bottom="0" />
                            </CGrayToBinaryEx>
                          </CProcessImage>
                        </vecProcessImage>
                      </CLocateMethod>
                    </vecCLocateMethod>
                  </CLocateInfo>
                  <vecKernal>
                    <CKernalInfo kernalMainType="1" nKernalSubType="7" nFilterType="1" nFillingMethod="1" strFilterPlus="" nRecogType="1" nRecogImgeType="0">
                      <vecCharRatio>
                        <CCharRatio strChars="" charType="1" nWHRatio="130" />
                      </vecCharRatio>
                    </CKernalInfo>
                  </vecKernal>
                </CRecogInfo>
                <vecRecogUnit>
                  <CRecogUnit nIndex="15" bLocate="0" bRecog="0" />
                </vecRecogUnit>
                <vecLineKeyWord />
                <vecCLocateAnchor />
              </CLine>
            </vecLine>
          </CRegion>
          <CRegion nIndex="5" nRegionType="1" nProcessOrder="5">
            <vecImageLightType>
              <LIGHTTYPE>2</LIGHTTYPE>
              <LIGHTTYPE>1</LIGHTTYPE>
            </vecImageLightType>
            <CLocateRegion bAccurateLocate="0">
              <vecProcessImage />
              <RECT Left="3200" Top="5121" Right="5900" Bottom="5950" />
              <vecAnchorLocateInfo>
                <CAnchorLocateInfo nAnchorIndex="1" nDisToAnchor="0" anchorType="1" />
                <CAnchorLocateInfo nAnchorIndex="0" nDisToAnchor="3200" anchorType="1" />
                <CAnchorLocateInfo nAnchorIndex="0" nDisToAnchor="6164" anchorType="2" />
                <CAnchorLocateInfo nAnchorIndex="5" nDisToAnchor="-1770" anchorType="3" />
                <CAnchorLocateInfo nAnchorIndex="2" nDisToAnchor="-2730" anchorType="3" />
                <CAnchorLocateInfo nAnchorIndex="0" nDisToAnchor="5120" anchorType="3" />
                <CAnchorLocateInfo nAnchorIndex="5" nDisToAnchor="-1000" anchorType="4" />
                <CAnchorLocateInfo nAnchorIndex="2" nDisToAnchor="-1930" anchorType="4" />
                <CAnchorLocateInfo nAnchorIndex="0" nDisToAnchor="5951" anchorType="4" />
              </vecAnchorLocateInfo>
              <vecCLocateAnchor />
            </CLocateRegion>
            <CLocateLine>
              <RECT Left="0" Top="0" Right="100" Bottom="100" />
              <RECT Left="0" Top="0" Right="80" Bottom="100" />
              <CLocateInfo bEraseStart="0" nMinWHRatio="0" nMaxWHRatio="160" nSplitWHRatio="2000" bSplit="0" nNumType="0" bSpace="0" bWidth="0" bHeight="0" bRemoveLineNoise="0" nMinElementNum="1" nMaxElementNum="1" nMinWidth="400" nMaxWidth="2000" nMinHeight="300" nMaxHeight="473" nMinSpace="0" nMaxSpace="200" bPostProcess="1">
                <vecCLocateMethod>
                  <CLocateMethod nLocateMethod="1">
                    <vecProcessImage>
                      <CProcessImage processType="1">
                        <CTrueColorToGrayEx nFilter="0">
                          <RECT Top="0" Right="0" Bottom="0" Left="0" />
                        </CTrueColorToGrayEx>
                      </CProcessImage>
                      <CProcessImage processType="2">
                        <CGrayToBinaryEx>
                          <vecBinaryParam>
                            <BINARYPARAM nBlockNum="1" nMethod="6" />
                          </vecBinaryParam>
                          <RECT Left="0" Top="0" Right="0" Bottom="0" />
                        </CGrayToBinaryEx>
                      </CProcessImage>
                    </vecProcessImage>
                  </CLocateMethod>
                </vecCLocateMethod>
              </CLocateInfo>
              <positionPlus nLeftPlus="-120" nRightPlus="120" nTopPlus="-120" nBottomPlus="150" />
            </CLocateLine>
            <vecLine>
              <CLine nIndex="0" bStartOffset="0" bEndOffset="1" bExist="1" bNeedRecog="1" nCheckKeyWord="0">
                <RECT Left="0" Top="0" Right="0" Bottom="0" />
                <CRecogInfo bIgnorePoint="0" nMaxPointWidth="0" nMaxPointHeight="0" bMatchRegExp="0" charOrder="\S{2,-1}" bConfirmParams="0">
                  <CLocateInfo bEraseStart="0" nMinWHRatio="0" nMaxWHRatio="130" nSplitWHRatio="2000" bSplit="0" nNumType="0" bSpace="0" bWidth="0" bHeight="0" bRemoveLineNoise="0" nMinElementNum="1" nMaxElementNum="-1" nMinWidth="220" nMaxWidth="369" nMinHeight="330" nMaxHeight="500" nMinSpace="0" nMaxSpace="100" bPostProcess="1">
                    <vecCLocateMethod>
                      <CLocateMethod nLocateMethod="1">
                        <vecProcessImage>
                          <CProcessImage processType="1">
                            <CTrueColorToGrayEx nFilter="0">
                              <RECT Top="0" Right="0" Bottom="0" Left="0" />
                            </CTrueColorToGrayEx>
                          </CProcessImage>
                          <CProcessImage processType="2">
                            <CGrayToBinaryEx>
                              <vecBinaryParam>
                                <BINARYPARAM nBlockNum="1" nMethod="6" />
                              </vecBinaryParam>
                              <RECT Left="0" Top="0" Right="0" Bottom="0" />
                            </CGrayToBinaryEx>
                          </CProcessImage>
                        </vecProcessImage>
                      </CLocateMethod>
                    </vecCLocateMethod>
                  </CLocateInfo>
                  <vecKernal>
                    <CKernalInfo kernalMainType="1" nKernalSubType="7" nFilterType="1" nFillingMethod="1" strFilterPlus="" nRecogType="1" nRecogImgeType="0">
                      <vecCharRatio>
                        <CCharRatio strChars="" charType="1" nWHRatio="130" />
                      </vecCharRatio>
                    </CKernalInfo>
                  </vecKernal>
                </CRecogInfo>
                <vecRecogUnit>
                  <CRecogUnit nIndex="14" bLocate="0" bRecog="0" />
                </vecRecogUnit>
                <vecLineKeyWord />
                <vecCLocateAnchor />
              </CLine>
            </vecLine>
          </CRegion>
        </vecRegion>
      </CSubTemplate>
      <CSubTemplate nSubID="2"><!--因公往来-->
        <vecRegion>
          <CRegion nIndex="2" nRegionType="1" nProcessOrder="2">
            <vecImageLightType>
              <LIGHTTYPE>2</LIGHTTYPE>
              <LIGHTTYPE>1</LIGHTTYPE>
            </vecImageLightType>
            <CLocateRegion bAccurateLocate="0">
              <vecProcessImage />
              <RECT Left="9900" Top="9900" Right="0" Bottom="0" />
              <vecAnchorLocateInfo>
                <CAnchorLocateInfo nAnchorIndex="0" nDisToAnchor="3800" anchorType="1" />
                <CAnchorLocateInfo nAnchorIndex="1" nDisToAnchor="1000" anchorType="1" />
                <CAnchorLocateInfo nAnchorIndex="0" nDisToAnchor="6700" anchorType="2" />
                <CAnchorLocateInfo nAnchorIndex="1" nDisToAnchor="3300" anchorType="2" />
                <CAnchorLocateInfo nAnchorIndex="2" nDisToAnchor="-6847" anchorType="3" />
                <CAnchorLocateInfo nAnchorIndex="0" nDisToAnchor="1295" anchorType="3" />
                <CAnchorLocateInfo nAnchorIndex="2" nDisToAnchor="-4680" anchorType="4" />
                <CAnchorLocateInfo nAnchorIndex="0" nDisToAnchor="2900" anchorType="4" />
              </vecAnchorLocateInfo>
              <vecCLocateAnchor />
            </CLocateRegion>
            <CLocateLine>
              <RECT Left="0" Top="0" Right="100" Bottom="100" />
              <RECT Left="0" Top="0" Right="100" Bottom="100" />
              <CLocateInfo bEraseStart="0" nMinWHRatio="0" nMaxWHRatio="160" nSplitWHRatio="2000" bSplit="0" nNumType="0" bSpace="0" bWidth="0" bHeight="0" bRemoveLineNoise="0" nMinElementNum="2" nMaxElementNum="3" nMinWidth="150" nMaxWidth="3000" nMinHeight="200" nMaxHeight="800" nMinSpace="10" nMaxSpace="350" bPostProcess="0">
                <vecCLocateMethod>
                  <CLocateMethod nLocateMethod="1">
                    <vecProcessImage>
                      <CProcessImage processType="1">
                        <CTrueColorToGrayEx nFilter="0">
                          <RECT Top="0" Right="0" Bottom="0" Left="0" />
                        </CTrueColorToGrayEx>
                      </CProcessImage>
                      <CProcessImage processType="2">
                        <CGrayToBinaryEx>
                          <vecBinaryParam>
                            <BINARYPARAM nBlockNum="1" nMethod="6" />
                          </vecBinaryParam>
                          <RECT Left="0" Top="0" Right="0" Bottom="0" />
                        </CGrayToBinaryEx>
                      </CProcessImage>
                    </vecProcessImage>
                  </CLocateMethod>
                </vecCLocateMethod>
              </CLocateInfo>
              <positionPlus nLeftPlus="-120" nRightPlus="120" nTopPlus="-120" nBottomPlus="150" />
            </CLocateLine>
            <vecLine>
              <CLine nIndex="0" bStartOffset="1" bEndOffset="0" bExist="1" bNeedRecog="1" nCheckKeyWord="0">
                <RECT Left="0" Top="0" Right="0" Bottom="0" />
                <CRecogInfo bIgnorePoint="0" nMaxPointWidth="0" nMaxPointHeight="0" bMatchRegExp="0" charOrder="\S{2,-1}" bConfirmParams="0">
                  <CLocateInfo bEraseStart="0" nMinWHRatio="0" nMaxWHRatio="160" nSplitWHRatio="2000" bSplit="0" nNumType="0" bSpace="0" bWidth="0" bHeight="0" bRemoveLineNoise="0" nMinElementNum="2" nMaxElementNum="-1" nMinWidth="230" nMaxWidth="800" nMinHeight="40" nMaxHeight="800" nMinSpace="30" nMaxSpace="180" bPostProcess="1">
                    <vecCLocateMethod>
                      <CLocateMethod nLocateMethod="1">
                        <vecProcessImage>
                          <CProcessImage processType="1">
                            <CTrueColorToGrayEx nFilter="0">
                              <RECT Top="0" Right="0" Bottom="0" Left="0" />
                            </CTrueColorToGrayEx>
                          </CProcessImage>
                          <CProcessImage processType="2">
                            <CGrayToBinaryEx>
                              <vecBinaryParam>
                                <BINARYPARAM nBlockNum="1" nMethod="6" />
                              </vecBinaryParam>
                              <RECT Left="0" Top="0" Right="0" Bottom="0" />
                            </CGrayToBinaryEx>
                          </CProcessImage>
                        </vecProcessImage>
                      </CLocateMethod>
                    </vecCLocateMethod>
                  </CLocateInfo>
                  <vecKernal>
                    <CKernalInfo kernalMainType="1" nKernalSubType="7" nFilterType="1" nFillingMethod="1" strFilterPlus="" nRecogType="1" nRecogImgeType="0">
                      <vecCharRatio>
                        <CCharRatio strChars="" charType="1" nWHRatio="100" />
                        <CCharRatio strChars="一" charType="10" nWHRatio="400" />
                      </vecCharRatio>
                    </CKernalInfo>
                  </vecKernal>
                </CRecogInfo>
                <vecRecogUnit>
                  <CRecogUnit nIndex="2" bLocate="0" bRecog="0" />
                </vecRecogUnit>
                <vecLineKeyWord />
                <vecCLocateAnchor />
              </CLine>
              <CLine nIndex="1" bStartOffset="1" bEndOffset="0" bExist="1" bNeedRecog="1" nCheckKeyWord="0">
                <RECT Left="0" Top="0" Right="0" Bottom="0" />
                <CRecogInfo bIgnorePoint="0" nMaxPointWidth="0" nMaxPointHeight="0" bMatchRegExp="1" charOrder="\C\L[abcdefghijklmnoprstuvwxyzQWERTYUIOPLKJHGFDSAZXCVBNM]{1,-1}" bConfirmParams="0">
                  <CLocateInfo bEraseStart="0" nMinWHRatio="0" nMaxWHRatio="145" nSplitWHRatio="2000" bSplit="0" nNumType="0" bSpace="0" bWidth="0" bHeight="0" bRemoveLineNoise="0" nMinElementNum="2" nMaxElementNum="-1" nMinWidth="40" nMaxWidth="255" nMinHeight="200" nMaxHeight="380" nMinSpace="0" nMaxSpace="120" bPostProcess="1">
                    <vecCLocateMethod>
                      <CLocateMethod nLocateMethod="1">
                        <vecProcessImage>
                          <CProcessImage processType="1">
                            <CTrueColorToGrayEx nFilter="0">
                              <RECT Top="0" Right="0" Bottom="0" Left="0" />
                            </CTrueColorToGrayEx>
                          </CProcessImage>
                          <CProcessImage processType="2">
                            <CGrayToBinaryEx>
                              <vecBinaryParam>
                                <BINARYPARAM nBlockNum="1" nMethod="6" />
                              </vecBinaryParam>
                              <RECT Left="0" Top="0" Right="0" Bottom="0" />
                            </CGrayToBinaryEx>
                          </CProcessImage>
                        </vecProcessImage>
                      </CLocateMethod>
                      <CLocateMethod nLocateMethod="1">
                        <vecProcessImage>
                          <CProcessImage processType="1">
                            <CTrueColorToGrayEx nFilter="0">
                              <RECT Top="0" Right="0" Bottom="0" Left="0" />
                            </CTrueColorToGrayEx>
                          </CProcessImage>
                          <CProcessImage processType="2">
                            <CGrayToBinaryEx>
                              <vecBinaryParam>
                                <BINARYPARAM nBlockNum="1" nMethod="7" />
                                <BINARYPARAM nBlockNum="1" nMethod="5" />
                              </vecBinaryParam>
                              <RECT Left="0" Top="0" Right="0" Bottom="0" />
                            </CGrayToBinaryEx>
                          </CProcessImage>
                        </vecProcessImage>
                      </CLocateMethod>
                      <CLocateMethod nLocateMethod="1">
                        <vecProcessImage>
                          <CProcessImage processType="1">
                            <CTrueColorToGrayEx nFilter="0">
                              <RECT Top="0" Right="0" Bottom="0" Left="0" />
                            </CTrueColorToGrayEx>
                          </CProcessImage>
                          <CProcessImage processType="2">
                            <CGrayToBinaryEx>
                              <vecBinaryParam>
                                <BINARYPARAM nBlockNum="1" nMethod="7" />
                                <BINARYPARAM nBlockNum="1" nMethod="3" />
                              </vecBinaryParam>
                              <RECT Left="0" Top="0" Right="0" Bottom="0" />
                            </CGrayToBinaryEx>
                          </CProcessImage>
                        </vecProcessImage>
                      </CLocateMethod>
                    </vecCLocateMethod>
                  </CLocateInfo>
                  <vecKernal>
                     <CKernalInfo kernalMainType="1" nKernalSubType="7" nFilterType="256" nFillingMethod="1" strFilterPlus="" nRecogType="1" nRecogImgeType="0">
                  <vecCharRatio>
                    <CCharRatio strChars="" charType="3" nWHRatio="65" />
                    <CCharRatio strChars="" charType="4" nWHRatio="65" />
                  </vecCharRatio>
                </CKernalInfo>
                  </vecKernal>
                </CRecogInfo>
                <vecRecogUnit>
                  <CRecogUnit nIndex="3" bLocate="0" bRecog="0">
                    <vecCInsertChar>
                      <CInsertChar nCharPos="0" strInsert=" " nMinSpace="38" nInsertType="1" nMaxSpce="120" />
                    </vecCInsertChar>
                  </CRecogUnit>
                </vecRecogUnit>
                <vecLineKeyWord />
                <vecCLocateAnchor />
              </CLine>
              <CLine nIndex="2" bStartOffset="1" bEndOffset="0" bExist="0" bNeedRecog="0" nCheckKeyWord="0">
                <RECT Top="" Right="" Bottom="" Left="" />
              </CLine>
            </vecLine>
          </CRegion>
          <CRegion nIndex="3" nRegionType="1" nProcessOrder="3">
            <vecImageLightType>
              <LIGHTTYPE>2</LIGHTTYPE>
              <LIGHTTYPE>1</LIGHTTYPE>
            </vecImageLightType>
            <CLocateRegion bAccurateLocate="0">
              <vecProcessImage />
              <RECT Left="9900" Top="9900" Right="0" Bottom="0" />
              <vecAnchorLocateInfo>
                <CAnchorLocateInfo nAnchorIndex="0" nDisToAnchor="4250" anchorType="1" />
                <CAnchorLocateInfo nAnchorIndex="1" nDisToAnchor="1350" anchorType="1" />
                <CAnchorLocateInfo nAnchorIndex="0" nDisToAnchor="8500" anchorType="2" />
                <CAnchorLocateInfo nAnchorIndex="2" nDisToAnchor="-5000" anchorType="3" />
                <CAnchorLocateInfo nAnchorIndex="0" nDisToAnchor="2800" anchorType="3" />
                <CAnchorLocateInfo nAnchorIndex="2" nDisToAnchor="-260" anchorType="4" />
                <CAnchorLocateInfo nAnchorIndex="0" nDisToAnchor="7500" anchorType="4" />
              </vecAnchorLocateInfo>
              <vecCLocateAnchor />
            </CLocateRegion>
            <CLocateLine>
              <RECT Left="0" Top="0" Right="100" Bottom="100" />
              <RECT Left="0" Top="0" Right="30" Bottom="100" />
              <CLocateInfo bEraseStart="0" nMinWHRatio="0" nMaxWHRatio="160" nSplitWHRatio="2000" bSplit="0" nNumType="0" bSpace="0" bWidth="0" bHeight="0" bRemoveLineNoise="0" nMinElementNum="5" nMaxElementNum="5" nMinWidth="300" nMaxWidth="5000" nMinHeight="250" nMaxHeight="450" nMinSpace="300" nMaxSpace="750" bPostProcess="0">
                <vecCLocateMethod>
                  <CLocateMethod nLocateMethod="1">
                    <vecProcessImage>
                      <CProcessImage processType="1">
                        <CTrueColorToGrayEx nFilter="0">
                          <RECT Top="0" Right="0" Bottom="0" Left="0" />
                        </CTrueColorToGrayEx>
                      </CProcessImage>
                      <CProcessImage processType="2">
                        <CGrayToBinaryEx>
                          <vecBinaryParam>
                            <BINARYPARAM nBlockNum="1" nMethod="6" />
                          </vecBinaryParam>
                          <RECT Left="0" Top="0" Right="0" Bottom="0" />
                        </CGrayToBinaryEx>
                      </CProcessImage>
                    </vecProcessImage>
                  </CLocateMethod>
                </vecCLocateMethod>
              </CLocateInfo>
              <positionPlus nLeftPlus="-120" nRightPlus="120" nTopPlus="-120" nBottomPlus="150" />
            </CLocateLine>
            <vecLine>
              <CLine nIndex="4" bStartOffset="0" bEndOffset="1" bExist="1" bNeedRecog="0" nCheckKeyWord="0">
                <RECT Top="" Right="" Bottom="" Left="" />
              </CLine>
              <CLine nIndex="3" bStartOffset="0" bEndOffset="1" bExist="1" bNeedRecog="1" nCheckKeyWord="0">
                <RECT Left="0" Top="0" Right="0" Bottom="0" />
                <CRecogInfo bIgnorePoint="0" nMaxPointWidth="0" nMaxPointHeight="0" bMatchRegExp="0" charOrder="\S{2,-1}" bConfirmParams="0">
                  <CLocateInfo bEraseStart="0" nMinWHRatio="0" nMaxWHRatio="160" nSplitWHRatio="2000" bSplit="0" nNumType="0" bSpace="0" bWidth="0" bHeight="0" bRemoveLineNoise="0" nMinElementNum="2" nMaxElementNum="-1" nMinWidth="230" nMaxWidth="400" nMinHeight="350" nMaxHeight="500" nMinSpace="20" nMaxSpace="100" bPostProcess="0">
                    <vecCLocateMethod>
                      <CLocateMethod nLocateMethod="1">
                        <vecProcessImage>
                          <CProcessImage processType="1">
                            <CTrueColorToGrayEx nFilter="0">
                              <RECT Top="0" Right="0" Bottom="0" Left="0" />
                            </CTrueColorToGrayEx>
                          </CProcessImage>
                          <CProcessImage processType="2">
                            <CGrayToBinaryEx>
                              <vecBinaryParam>
                                <BINARYPARAM nBlockNum="1" nMethod="3" />
                              </vecBinaryParam>
                              
                              <RECT Left="0" Top="0" Right="0" Bottom="0" />
                            </CGrayToBinaryEx>
                          </CProcessImage>
                        </vecProcessImage>
                      </CLocateMethod>
                    </vecCLocateMethod>
                  </CLocateInfo>
                  <vecKernal>
                    <CKernalInfo kernalMainType="1" nKernalSubType="7" nFilterType="1" nFillingMethod="1" strFilterPlus="" nRecogType="1" nRecogImgeType="0">
                      <vecCharRatio>
                        <CCharRatio strChars="" charType="1" nWHRatio="100" />
                      </vecCharRatio>
                    </CKernalInfo>
                  </vecKernal>
                </CRecogInfo>
                <vecRecogUnit>
                  <CRecogUnit nIndex="14" bLocate="0" bRecog="0" />
                </vecRecogUnit>
                <vecLineKeyWord />
              </CLine>
              <CLine nIndex="2" bStartOffset="0" bEndOffset="1" bExist="1" bNeedRecog="1" nCheckKeyWord="0">
                <RECT Left="0" Top="0" Right="0" Bottom="0" />
                <CRecogInfo bIgnorePoint="0" nMaxPointWidth="0" nMaxPointHeight="0" bMatchRegExp="1" charOrder="[12][09][019]\D年[01]\D月[0123]\D日" bConfirmParams="0">
                  <CLocateInfo bEraseStart="0" nMinWHRatio="0" nMaxWHRatio="160" nSplitWHRatio="2000" bSplit="0" nNumType="0" bSpace="0" bWidth="0" bHeight="0" bRemoveLineNoise="0" nMinElementNum="11" nMaxElementNum="11" nMinWidth="60" nMaxWidth="270" nMinHeight="240" nMaxHeight="380" nMinSpace="0" nMaxSpace="100" bPostProcess="1">
                    <vecCLocateMethod>
                      <CLocateMethod nLocateMethod="1">
                        <vecProcessImage>
                          <CProcessImage processType="1">
                            <CTrueColorToGrayEx nFilter="0">
                              <RECT Top="0" Right="0" Bottom="0" Left="0" />
                            </CTrueColorToGrayEx>
                          </CProcessImage>
                          <CProcessImage processType="2">
                            <CGrayToBinaryEx>
                              <vecBinaryParam>
                                <BINARYPARAM nBlockNum="1" nMethod="6" />
                              </vecBinaryParam>
                              <RECT Left="0" Top="0" Right="0" Bottom="0" />
                            </CGrayToBinaryEx>
                          </CProcessImage>
                        </vecProcessImage>
                      </CLocateMethod>
                    </vecCLocateMethod>
                  </CLocateInfo>
                  <vecKernal>
                    <CKernalInfo kernalMainType="1" nKernalSubType="7" nFilterType="1" nFillingMethod="1" strFilterPlus="" nRecogType="1" nRecogImgeType="0">
                      <vecCharRatio>
                        <CCharRatio strChars="" charType="1" nWHRatio="100" />
                        <CCharRatio strChars="" charType="2" nWHRatio="60" />
                      </vecCharRatio>
                    </CKernalInfo>
                  </vecKernal>
                </CRecogInfo>
                <vecRecogUnit>
                  <CRecogUnit nIndex="16" bLocate="0" bRecog="0" />
                </vecRecogUnit>
                <vecLineKeyWord />
                <vecCLocateAnchor />
              </CLine>
              <CLine nIndex="1" bStartOffset="0" bEndOffset="1" bExist="1" bNeedRecog="0" nCheckKeyWord="0">
                <RECT Top="" Right="" Bottom="" Left="" />
              </CLine>
              <CLine nIndex="0" bStartOffset="0" bEndOffset="1" bExist="1" bNeedRecog="0" nCheckKeyWord="0">
                <RECT Top="" Right="" Bottom="" Left="" />
              </CLine>
            </vecLine>
          </CRegion>
        </vecRegion>
      </CSubTemplate>
    </vecSubTemplate>
  </CIDCardTemplate>
   
</IDCARD>